ph,Turbidity,Conductivity,Solids,Potability
7.036752103833548,2.9631353806316407,564.3086541722439,20791.318980747023,0
3.889106956840228,4.500656274942408,592.8853591348523,18630.057857970347,0
8.099124189298397,3.0559337496641685,418.6062130644815,19909.541732292397,0
8.316765884214679,4.628770536837084,363.2665161642437,22018.41744077529,0
9.092223456290965,4.075075425430034,398.4108133818447,17978.98633892625,0
5.584086638456089,2.5597082275565217,280.4679159334877,28748.68773904612,0
10.223862164528772,2.672988736934779,283.6516335078445,28749.716543528237,0
8.635848718500734,4.401424715445482,474.6076449424485,13672.091763901635,0
7.036752103833548,3.5950171809576155,389.3755658712614,14285.583854224516,0
10.258615434291345,4.370561936655497,563.8854814810949,25484.50849098786,0
7.360640105838258,3.662291782852457,425.3834194953873,32452.614409143884,0
7.974521648923869,4.011718108339787,364.0982304620487,18767.65668181348,0
7.119824384264552,3.445756223321899,347.71502726194376,18730.813653342717,0
7.036752103833548,4.413974182974902,379.7618348257725,27331.36196192776,0
7.49623220797336,4.777382337225378,444.6453523327066,28388.00488673697,0
6.347271760539316,4.376348290691898,516.743281893657,41065.23476453935,0
7.051785800016845,4.268428857506186,315.1412672443021,30980.600786788866,0
9.181560007151536,4.503660796179122,477.9746418621779,24041.32628006128,0
8.975464347533963,2.4360855903052734,431.44398999034894,19460.398131232112,0
7.371050302429531,2.5602991476149146,469.9145514792359,25630.320036999725,0
7.036752103833548,4.13342264357917,554.8200864605433,22305.56741374141,0
6.660212026118103,3.7497012410996176,523.6712975009444,30944.363591242687,0
7.036752103833548,5.459250956028731,436.2561939726492,17107.224225827616,0
3.902475685915096,4.528522696326911,444.478882506898,21167.50009896877,0
5.400301780729467,4.824786389767524,472.8740732754293,17266.593421923077,0
6.514415093251676,5.200885076539757,413.2904500885347,21218.702871190195,0
3.889106956840228,4.184396969028851,441.7858756739387,33424.7686784948,0
7.036752103833548,4.004871127571583,298.99066649993244,13224.935638976958,0
7.036752103833548,3.9915642477993063,364.48010670373776,26362.965012309312,0
7.036752103833548,6.0381849531835865,563.8047433250861,15193.41347396722,0
7.181448580829175,5.088859989138795,342.1112862851926,15196.229987483845,0
9.82548990813439,2.857472426051184,452.8362348772383,19677.892465552013,0
10.258615434291345,5.057310516515726,412.9868337903324,22326.89204571865,0
7.414148196336244,3.160624468232638,411.983364167012,32555.85253707369,0
7.036752103833548,5.029166724080735,383.9817230247576,14787.206264858174,0
5.115817063771218,3.9020887676437535,441.7483793248687,19620.545328612152,0
3.889106956840228,3.464353035155024,456.8600959410411,24752.072459755404,0
5.618064405909149,2.8965469413044738,399.47156628109417,17281.97516841161,0
7.036752103833548,2.90756391519334,427.1306714819022,19942.27321818484,0
9.267187530763549,4.324004645618281,396.8769490579176,24683.723566029654,0
7.036752103833548,3.510004044590529,349.3996325323045,11703.923907047854,0
5.331940479018537,4.434820257956548,335.1203984374612,16658.876503163574,0
7.145771545218821,5.182590703980226,332.0327063306858,28780.340431632725,0
9.920691058768153,4.69070723013249,333.19246993768064,9973.934059208535,0
4.758439424671477,4.542801461749175,403.9441682092025,21568.428779035887,0
5.702925976824722,4.137739016206605,504.63826042575033,35606.44017680798,0
6.953864225511059,3.195710328196264,391.1843150860056,10575.18628088936,0
10.258615434291345,3.999775381550061,323.8079132465807,15758.740621388915,0
7.036752103833548,4.40558600033858,470.3291685421987,34415.853145873094,0
8.757257397440991,3.6261354416122304,404.7177991564453,21536.22468744541,0
7.036752103833548,3.048057223106976,383.7950199903258,27492.30730658781,0
7.80963189801941,2.447444463910633,605.2201243500056,12013.550628764531,0
6.652488090855707,3.742090426349668,545.974993762403,19871.788448305862,0
9.14719705533692,3.7945315911032105,527.7089100130407,11920.610835646206,0
10.258615434291345,3.964686350022129,456.5564021223438,21783.65103336337,0
7.484254837727466,4.781188176562564,404.6707773281626,30616.615148853696,0
8.520806572970303,3.9406045297946832,481.3188026886131,28779.6500110336,0
4.999413810796919,4.460683931737437,405.3304820275903,24323.865903045946,0
7.036752103833548,4.405385705659032,360.99599448807487,16963.625011737488,0
7.036752103833548,4.089907689677867,290.18098311050545,20557.240431752216,0
3.9060783549561697,3.902879711657464,269.4490512269393,32144.79993361832,0
6.391353623832183,3.92374916929651,369.3381209158568,20965.478308853573,0
7.036752103833548,3.8556022119167,296.3975472430137,35729.692708630326,0
8.692092012708041,4.477960248233931,398.3454180035162,24656.23967944457,0
8.085759800882219,4.068688909481666,416.2396300704016,32653.910360267582,0
6.203977702278348,5.215689206119035,362.10800431396245,21815.07414790552,0
5.058108868565138,5.106655774420084,655.8791400416264,34873.9345228707,0
7.036752103833548,4.620793451653219,485.97450045781375,27420.16742458204,0
7.036752103833548,3.4397400415499195,333.3298479586677,12830.484133775428,0
7.261550522070718,3.636364182680497,501.18278074341,24964.777703096523,0
7.16046723080874,3.8848910441472793,428.0363443504035,6743.346065530401,0
5.704764776213017,4.157533407489738,504.3786809676549,33223.58152874991,0
6.21727313516034,5.325833445695803,556.6537100333977,19460.38281898756,0
8.679934969964185,3.873470298448302,352.94258812349034,22984.05095148243,0
7.036752103833548,4.655916598688822,425.2135748076129,14859.46642428366,0
6.897322141100197,5.022783630004574,383.0143101678532,25650.777643120266,0
3.889106956840228,3.762615331099367,307.3791420351913,23029.663613563636,0
3.889106956840228,3.662837731991359,467.5629728711818,37962.16799126102,0
6.455004797496717,2.2934314064128625,477.5813461557029,24468.048390354597,0
7.316804753880919,3.508372649783596,425.9134001802693,31903.399811532247,0
3.889106956840228,5.013463351103733,410.3872638377081,28689.59577768293,0
5.519125656437607,3.758995860323916,443.5703720974922,12531.60192106475,0
7.408985466924612,3.772420927989514,504.14599408386647,9566.1222701692,0
5.976769618087598,2.9946710955082176,514.118920118766,27267.981860954154,0
6.395359131671062,4.191217514711704,573.4002951499592,23827.275015402887,0
6.209642259708484,3.6125196149467143,417.2416560263488,13116.707711787025,0
6.762832521891738,4.916579160751283,465.4137746213498,27159.38434523353,0
9.91871706385417,3.385508443856719,430.5077068652869,21470.27830541328,0
10.15544017022192,5.002467259922081,487.45913103075526,12652.362978658088,0
8.721726710620581,2.5550269039968736,506.9383527298253,28608.052076372544,0
7.036752103833548,4.383921813522324,575.1146944234249,17153.306163452093,0
7.036752103833548,3.355164642176155,420.70959122207296,29721.91163035013,0
6.099646705468387,3.172789769152877,291.1048365690676,20416.84099619073,0
9.026787719511631,2.0190420182011657,588.3196505363993,27965.07214592841,0
6.953371603389549,3.651865808422898,551.1433371665813,11609.109054527797,0
6.140877556947864,5.359460295012964,548.0727613161172,26687.87448333394,0
7.077874006530455,4.764508264921448,333.0507859433459,23873.378210133666,0
5.488314309012512,5.066786271784542,441.3311374586935,21485.153195191077,0
7.205559174588729,3.710053125679874,418.4332899200773,24627.867560468934,0
9.177869865892433,3.1087699879134547,426.9943931689402,20868.331218998803,0
4.270716194733736,3.763905902952325,349.5189103676489,24405.25053495276,0
7.348844511550613,4.880875156180851,494.1584340869637,11519.046527356591,0
8.526169869777789,5.083014141516923,474.240482290634,11837.12335960845,0
7.036752103833548,3.995973787492761,590.7487871802913,36152.8208993245,0
3.889106956840228,4.765205370159007,468.0802666084355,34798.25258680311,0
8.490571562027739,3.875556805136775,435.0008983082295,22989.79638994664,0
7.036752103833548,3.3985925873166565,463.39884709083714,22539.71161451215,0
8.858401531200467,5.525726338121716,344.30336252225874,9624.300462110114,0
6.09815652147278,3.9773623643299727,245.85963197125264,27776.901051693392,0
8.41997068212899,3.962478314282775,463.64727737284176,13237.989604570806,0
9.286155021432371,5.239981870081682,353.74009999706425,12311.268365978076,0
7.875895135481787,4.238589203481521,445.3741474328599,12710.249451611751,0
7.725332908074757,3.7248367036447,339.41132665631415,36477.73811241909,0
3.889106956840228,2.798600948267049,353.9129274416658,20230.125576951767,0
6.745306715080959,3.9023525898765015,373.05010163921327,21871.838700042492,0
7.036752103833548,5.6290156360573285,263.7719135045372,28062.64189204036,0
7.183825723393187,4.597165511526862,290.4238383652442,14100.968986979937,0
10.111976704648654,3.425763242173682,403.0418101498447,15331.302691753155,0
7.397413298543417,3.149157510432673,489.8516004048256,8855.114121331366,0
7.812804388310308,6.091233163793407,442.5457745482448,42550.841815771775,0
6.877456932576713,3.827650071735445,342.1963466344736,27433.587294151766,0
7.036752103833548,4.664350321001553,468.9450147502269,16367.45837197548,0
7.036752103833548,4.197595209206819,274.66059655361465,27418.781044480063,0
7.521051678672175,2.8807853472938367,505.70937170147926,26865.37374090525,0
8.550875469289338,3.772886607458768,432.2852700271936,28918.419953077177,0
10.258615434291345,3.285077052469842,382.9515048389693,27653.235184410696,0
7.036752103833548,5.052736766116998,465.2166206201478,29368.67418405221,0
7.371085073209565,4.4125895367028125,363.16853841901815,24913.83716589005,0
10.258615434291345,3.8098416540991424,504.0505391333054,16600.392746647067,0
6.506487766502467,3.5487755887477364,481.77193425228,17087.076901837234,0
6.643935774662305,3.8129529259917896,437.9090051656054,10909.194592323076,0
5.033773989751668,3.2449484773190638,500.6373261700039,34971.80748262682,0
6.91260756198984,2.6122489531921698,439.6480512193927,17973.178859011827,0
7.977635990880497,3.552129499701653,473.6624527645498,32170.06916009624,0
6.078335836509272,4.20158090550856,360.06047735582746,35957.79218259479,0
6.242414484103846,4.5087050978944845,448.2425267423017,28149.41179162288,0
6.063354789891076,3.4673369148168574,327.27023868075764,14775.14559575291,0
8.129585513966727,3.3625371351987914,397.0214275538664,27834.21769634046,0
9.56240594378952,3.7627198370300334,433.38166673218615,13041.829140394102,0
8.167792632308252,4.289395484098247,525.5987875011582,27141.36290294348,0
8.594416135206476,3.568991707976406,655.8791400416264,15791.675351127244,0
7.036752103833548,3.679795034755029,566.3392939723461,20944.620814413163,0
6.825467900630395,3.027449578045163,373.4272354878943,44831.86987314956,0
7.861177700998561,4.157656628375073,469.48696124616185,25145.02412478556,0
4.965773559644967,3.4217668494012576,386.4133315184274,21802.74489792894,0
6.207432967614718,3.549298841293145,533.7958508176808,13442.603471136694,0
7.036752103833548,4.417559791016322,490.9097122372677,20067.105328107053,0
9.76925100608684,4.636556195256859,353.196475487524,8471.67738143048,0
9.630665479903348,4.920091157959163,417.167072927369,23641.70256530387,0
5.187471605436375,3.2032578962619933,368.815428587841,20060.07872720117,0
7.633570087677555,2.927066766886376,420.5341718279189,16312.154973975048,0
5.771199049813688,4.688959065495114,313.7019343334326,24909.44400956197,0
6.579969329401555,4.575931871590866,254.39327560480757,17657.08417649328,0
4.80115436807586,4.418638131667752,587.3950117046609,13556.734397114704,0
7.948815718151566,3.692250861269816,434.655458610077,19129.45836544024,0
6.906992171811655,2.124759352216301,356.4591368515823,19991.23914904896,0
7.036752103833548,4.444350199227698,395.3417752928905,22452.090807860677,0
7.036752103833548,3.4631725477162503,399.2713589317788,12224.310506438514,0
8.46133087400179,3.771944146409479,477.343368601036,34406.77644574729,0
7.726134807902507,3.72063690445242,472.25899373256834,21667.86874132637,0
7.036752103833548,3.777737413505429,438.8657751120628,19549.499341288283,0
8.927078148301744,4.60186095914794,380.1972000224397,22821.254376566587,0
6.208015539719022,4.334615732320451,481.19567347842127,17358.796365042126,0
6.128425635295917,4.633823861920798,415.0087368963965,9615.832709692548,0
7.036752103833548,2.6789107131905774,416.5889057529136,11981.740191012996,0
7.308048848275572,3.696119711501417,415.6072777934955,14600.539521891906,0
7.036752103833548,4.35323858897122,515.3867420113489,39906.19027101487,0
8.640886408909486,5.2631015720413785,309.9832868165358,26473.71323896156,0
7.036752103833548,4.1025294815021445,482.3300548094984,20406.92767150048,0
8.153210075272153,2.905788134056523,487.9083271902029,10280.92949674048,0
8.293720110388866,3.954715282670768,399.4836212000171,35216.385970173644,0
7.036752103833548,3.310858508001268,332.73758653626567,21136.286764159297,0
7.036752103833548,3.7066017915406855,344.76792440431177,26009.07525933065,0
9.489972878325856,4.219967522355668,277.97006973151883,15513.740377963157,0
7.83097634338162,4.588784656948855,507.4454883280784,7695.063934702985,0
4.430281211546542,4.384565155637755,434.7812670644661,28862.257169818786,0
7.240739638887768,3.556297467154506,579.2203941324686,23783.09955637777,0
7.036752103833548,3.6655217644695215,251.02089870586465,19517.724799117623,0
6.867301321799131,3.8235950398688825,484.12293887759057,24112.15347052457,0
6.129637014813746,4.615886181275908,341.38857671477444,30989.94841451828,0
7.917049443177883,3.659484624888592,358.781736184615,27192.28056064627,0
6.511618075241813,4.850433707754168,475.3413506694927,29136.814623869737,0
5.32381558430839,2.8807218458729342,580.8977003943793,37625.75267985834,0
6.769572868656792,5.220540269610252,289.5424601158542,11067.181147840996,0
5.877974040440475,4.0322595038243865,538.4954044402176,13652.293199392612,0
9.534021716164196,2.7682389284849696,259.63680306558183,9472.614920464734,0
6.340027628047595,3.6860013242472816,435.5004570917772,44831.86987314956,0
8.661592429959121,3.6704310100631887,512.2773100578781,27088.476460253085,0
5.653506134793232,5.198985503613217,272.440558304258,16462.460086163886,0
6.6260121840753055,4.194313129305396,327.24807863386945,25839.894103711547,0
7.793833572993554,4.172935335264329,371.2169730014168,18344.680360836188,0
7.593127650277594,3.377337638120141,387.6295722843679,18371.057201088257,0
7.362736501949787,4.408513182397498,419.25844805495296,16268.44860625852,0
9.32030544529501,4.20580973235456,499.8441671492051,16002.138319545113,0
3.889106956840228,2.7183977338802885,427.4959312452204,23590.93212865605,0
6.655605025818962,2.9516447152886705,336.83145481608153,20571.845708443558,0
9.868877880662472,3.355489790912581,424.2928308059576,15326.855914122048,0
5.590614435866259,4.726845016869534,469.4130903674347,35370.73551522427,0
5.554436511156818,2.0959140868029458,306.872525988099,31344.460394369864,0
4.126528715100222,4.460200983755287,445.2414568851872,11215.945901592888,0
5.970035656942926,5.428674071623728,327.7866419581865,16324.115196182343,0
7.036752103833548,4.600927568902867,448.8460363895051,16162.26230660764,0
8.369154353699956,3.629749330548915,493.4654398847868,12975.9003341113,0
6.284248242254425,3.377132288772658,395.2610633920007,12206.681209872297,0
10.258615434291345,4.153347001241887,316.5358711402264,6040.369868025334,0
9.298018008096014,3.6813242439844016,399.4773578191071,13990.513403071998,0
7.895469245942458,4.236947299515631,407.7322172196032,7769.616118841751,0
7.947485785725746,3.700853839705055,425.62781398964114,34440.77343351387,0
10.026159156427404,4.182277581713326,517.5128415432599,14962.177833160747,0
6.48819323961521,4.592073570820997,324.50984090751643,34864.42789348474,0
5.869736755337525,4.689315047790611,465.61648082479246,22244.218235890683,0
7.036752103833548,3.659974811789956,382.1978390094081,21410.31962366429,0
5.304142660215901,4.165723663998691,497.79039051282376,25299.51155745438,0
7.533614822992929,3.462763987423452,363.50634426122485,11642.727540809405,0
4.07760772456597,2.758658531189276,288.3651930524628,18194.95413992543,0
7.036752103833548,3.873853349593973,358.88876761151056,37928.14217716675,0
7.0861684008433095,3.4165397533412,400.9043496859455,4304.492483085919,0
6.271012171064563,5.303581360575867,543.3917435559852,24846.141872428983,0
7.95776834399615,3.4507458924446017,514.42172196485,17162.398420975343,0
8.875642278454443,4.006991558563305,474.77251899981127,28487.7085978243,0
7.036752103833548,4.358298340908286,462.40244905277575,18257.569271194705,0
6.613709117641848,3.539771111373992,374.770315796252,25648.569496257434,0
7.735705021751655,2.1486115361452747,595.3292634501314,16723.97724364579,0
9.925041328429108,4.703803488576944,405.9001841052152,10704.6031822988,0
9.002583109651113,4.904837414733298,366.49172865989806,19523.12486468928,0
5.095766464935885,4.352193469514868,513.8775792590823,26307.29845475983,0
8.594677108362674,4.754072499317674,588.8527328527769,23220.120613390383,0
7.083779060507377,3.887680684530791,434.7477154375999,8580.245561280903,0
7.682872498072526,3.778606787628922,469.8356255488435,12105.721934269564,0
7.036752103833548,3.313199021657446,415.2117345959389,18272.50597305346,0
6.419772473512519,3.095233156816077,523.6001755961903,30759.681440190925,0
4.443238899143103,3.268324835835596,429.5447730337787,25008.53224756482,0
6.978664262373817,4.766943236072579,470.0787053155338,23114.446075687887,0
6.623613565745125,2.9151659507443948,410.2432474590725,17167.301297022455,0
3.889106956840228,3.3161576568421625,291.14844892992795,28102.75662504674,0
4.814135620889671,5.190851804612128,414.0307089516421,17650.405049112054,0
5.779673705175217,4.656377232957477,428.5532485327095,24160.35432097404,0
6.93781878337901,3.724089564346497,439.6249979688188,12626.197921957626,0
7.436782609345538,3.727663719207471,522.7937299996901,28544.61628698039,0
4.723312573250525,3.917586695104175,411.2950246366092,22833.192041516584,0
9.380658050788323,4.034349047158281,503.1706154265755,15156.78983399899,0
7.810144933196836,4.033773709343139,351.18608085870324,20418.88992581832,0
9.436637164251444,4.411117439774963,469.7613276654225,20724.930359306745,0
9.406325752898285,3.097277957477165,347.9830782769112,27948.58944543105,0
6.32125931522299,4.5014572038139855,491.7653131949639,8532.139516959518,0
7.036752103833548,3.605154198874472,409.2207764785376,17984.327439446446,0
4.7053564957747,3.437450134017187,370.1781663846243,19555.76505156686,0
8.896418988301798,3.700945732714745,425.2268617079815,8870.902965942287,0
6.581878201548969,4.201662864465836,351.47683939412354,37169.44440353849,0
6.755145901551625,5.162729749397485,385.1146477374596,18536.69864747702,0
9.445129837868656,3.8751652466165463,592.6590209759507,13168.529155675998,1
9.024845037417505,3.985250505743576,451.1434810056514,19859.67647580388,1
7.036752103833548,2.7473129992921272,475.5735624274493,23403.63730437139,1
6.800119090315878,3.854939899721073,376.45659307467866,39143.40332881009,1
7.174135162807995,3.939895656598684,315.5499000194935,20401.1024614714,1
7.657991236998258,2.437296287559579,416.62418891074776,14245.78912129943,1
8.322986672402298,4.052135727552661,358.725868777638,28049.646283166327,1
5.934279093094346,5.217895023653352,277.3845373236033,23249.653834296078,1
9.80272078232571,2.764633881427262,512.4287308410497,27357.456744580348,1
6.101955230748901,3.5355963295430235,417.84355271672825,15976.926225079347,1
4.997770601283687,3.4046329060198497,297.611540021754,26849.194735446832,1
4.815766790717072,4.37522381127182,481.4808282952956,16392.135068872325,1
6.548020558130832,3.6118603716661046,497.3217528000844,25508.38694882565,1
10.258615434291345,4.106924490038661,500.2459518438111,19237.949676491447,1
6.618010905584669,4.437695749140042,401.669790618845,19598.86073972567,1
7.788054732605206,3.3687572170739832,359.5690815109252,29879.06014610585,1
5.191834327140628,3.859800939300224,388.7165795048576,14866.103863221915,1
5.626339528125955,1.94331877663582,346.553206388495,14442.41887543212,1
6.869638941459091,4.72670245351097,539.466876868315,21728.821295296457,1
9.058628424072683,3.652134470079709,463.3892559930158,15737.46893784722,1
7.29188832527326,5.328712788466374,439.6493286195821,27784.04848396934,1
7.275908773683996,5.062297798479729,373.3456925750202,22644.766347518867,1
6.512737123980129,4.612963629350583,479.5012785933446,22475.046873480987,1
7.207886781343905,3.762741072399466,468.56282875663646,35804.29261340407,1
7.036752103833548,3.772919264661592,629.2812475471133,16146.15711220508,1
5.324941855611651,4.427137925692965,392.4214958041848,35344.658047005905,1
7.082300649174803,3.485577388223123,353.030380268577,29846.719056712125,1
5.334183579602803,5.091357101284415,360.1791772943006,28897.491527401453,1
10.258615434291345,4.661798516052168,392.70408181841583,25999.953669432594,1
6.286806948436977,4.1048632751894125,563.4347751029119,13777.37619108904,1
9.79455869937693,2.9454187377034105,427.123948431111,20682.73174245486,1
8.210443565143713,4.976055159693945,391.06887363378047,13933.085360107943,1
6.9417194379777,4.563183171238155,374.4853324156397,20111.82125592225,1
10.258615434291345,4.201849441297085,365.7202915004255,44831.86987314956,1
7.958984291884183,4.698007916123446,327.62388101792124,23625.813886131746,1
3.889106956840228,3.734001386870361,341.2911163126418,7751.809491098833,1
5.671773833095615,3.833159745782932,372.5352427667598,15949.153179175562,1
10.003300539211928,4.746381859076648,574.555041307426,44831.86987314956,1
6.552847474374976,4.687986155246704,477.1639067796365,34006.42073313584,1
7.628552723143854,4.182057147919716,495.9669861271219,26244.036907954305,1
4.790840540243071,3.258858945031528,608.8468563126532,17862.3690025893,1
7.710959938844849,4.288946820394494,516.2840828595396,6552.626314154267,1
8.291299005968142,3.4247019206523897,475.9091298984672,20008.13495738684,1
6.193170101205059,3.466645288112605,389.4059776465183,12883.726495777477,1
9.032660579144682,4.927218272272612,390.6572261202914,15618.170247930504,1
6.139493740895693,3.260906852708671,416.2388205815028,8081.466471091589,1
7.129424730462989,3.418610802866979,323.2989151905895,25840.578887671327,1
7.036752103833548,4.109590274369244,509.4068215195966,21948.325362337488,1
5.418503763025523,4.506539591260472,454.5202956154764,35902.715683707924,1
8.075494507899103,3.682919645453329,321.74833893874336,29483.601853899763,1
7.036752103833548,4.08170139800861,291.35370138829103,22511.692615177697,1
10.04967371845643,5.133477823277881,442.768049670696,11557.032038390476,1
5.667650646643197,3.633213756490487,554.1205361936269,16953.89873630931,1
7.036752103833548,3.8079200615963935,417.63120188596497,27776.180257279146,1
8.92398060773871,4.155583189522957,415.6294837691602,27919.77066575312,1
6.428866313188399,4.184783371809045,466.0443992231766,15596.473334459632,1
6.960603501688507,4.978820187753845,468.5913884755252,11348.675997363987,1
5.873675845828995,5.412090884919163,420.2912300584642,19216.683090171675,1
6.795469009842269,5.163088153779066,498.66592804075066,15300.838671098294,1
10.041027974912506,3.8075626058306695,557.4860613065097,16266.434445278892,1
7.036752103833548,4.12478067750866,485.6472318592992,44506.44156075687,1
7.296037733901175,4.168526117629012,385.6143206903208,36043.70663776605,1
7.036752103833548,3.4975773906550995,375.7807163877633,29299.1233527876,1
5.862641232845869,5.507420939572829,331.5701386503692,44069.27215787578,1
7.29214180515922,4.466912564165001,435.1080173052642,33991.65156687047,1
8.062805643024472,4.471842000471335,510.4144025284186,11567.8878401924,1
7.821970940156012,3.532958335149624,294.6365313741961,23318.18797602001,1
10.258615434291345,3.309580397460676,410.8561139478792,39227.61945662096,1
6.593764313289441,2.346578095251962,489.703443882214,25589.610591845038,1
9.161088612884836,4.888061137333914,379.7251815981085,26618.05963677565,1
7.036752103833548,5.922581691937248,290.8894717850768,14507.01780785626,1
4.642953052237968,3.982867293106576,439.9444080994625,16115.929863948231,1
7.798453676201213,4.107267203260775,507.1786882733106,32704.569285770576,1
5.564342490630351,2.2859878491983503,369.5555132553011,11245.735766690404,1
7.88659122732868,4.589983507854727,326.1153502173294,38852.029635921295,1
7.443189014292676,2.6648327961143745,430.4872957139327,13551.953344708114,1
3.889106956840228,3.3146297303616934,426.23112913175015,23736.816258284023,1
9.597191856878178,5.145152870605282,335.19760824941864,21153.322826848344,1
6.9642259425787305,3.9904375721644056,378.0855456328627,29957.191215399744,1
7.672909522943807,4.268227481536438,401.1408786244809,22989.351184203028,1
6.7370040722130575,4.063170288841773,384.3086730249028,24694.744205217467,1
7.036752103833548,4.135745328854322,463.74171616547545,18570.285339002497,1
5.382489039471649,4.173330283253801,551.4762022342039,18189.394980182748,1
7.022952113429302,4.971907098518464,412.709423376704,15978.355249095192,1
7.036752103833548,2.9691360985959387,559.8178471445009,27355.934306484523,1
10.026223807942117,3.736228470573536,388.4672659697002,25510.09729821465,1
5.583832998476663,3.870156920624293,278.63903868062306,35278.6817427457,1
7.952929115572246,5.260014766135651,309.2546197357952,18621.424922740112,1
5.500186640904189,4.178478951476263,469.7953750459356,21082.85204428116,1
7.54370046605691,3.630536578397464,440.2834455687122,19116.01208412308,1
6.848331559049443,4.396604556065476,558.8155667445225,12837.506062969442,1
7.036752103833548,3.7795544920225694,487.9972616274739,30280.788593026075,1
5.9102517293372046,3.660922907594773,655.8791400416264,15244.846394587465,1
8.716820333772386,3.2051287672092674,447.0280768382274,11734.448856789284,1
6.016889135653399,4.422269232921709,383.20777481327895,16656.062671606713,1
9.567822726280443,4.197919054995084,492.4115244038293,38787.46270509904,1
4.296247023728075,4.16332898150423,330.0673789702845,19672.48721317725,1
3.889106956840228,3.965993969608624,514.7629184568123,38969.38899204324,1
8.52966934763357,3.776040837433535,498.6508327129349,18203.730028658225,1
8.065339036104211,3.75639170748219,497.0192344659093,21366.283597986225,1
9.158445163262003,4.525236730798256,425.75201760468025,15797.030395803244,1
8.848586282929045,4.014681857976119,479.79197473086685,32033.332018857272,1
9.495456381941786,4.168541279325788,409.4509977447567,18088.354849646388,1
8.052893916459475,3.6348445415750232,328.43311026419275,9025.07935959796,1
3.889106956840228,3.6632522218404526,521.140523649194,26931.243483430997,1
6.425873866275697,3.731936502753873,502.9910878351933,11965.396508460652,1
7.757269665668284,4.165432285611471,543.5287986080147,25259.780548961884,1
7.748654706492547,2.51181049287789,441.5295472549179,29331.23663290317,1
5.117390302624234,3.9371884418353353,356.86228711669946,30914.111579007564,1
7.481535362094441,4.262065436945668,518.3755726067396,12088.41645033494,1
5.374222584708865,3.642778438412919,350.1780398146996,19410.233762899243,1
7.063646975622253,3.395866240165589,402.593602031447,17941.811255910274,1
6.87645104288265,4.54534092739007,349.1860854870372,21979.031670782228,1
4.812433652167467,3.020995900341481,607.0265423247766,11465.575643229397,1
4.99353073414005,3.153809336970371,429.827818905013,13900.779270942352,1
4.78886106249815,2.8968521864425583,444.8543208302114,28174.620516250765,1
4.037287739350788,3.045048569942414,401.2042709521434,44831.86987314956,1
6.505872509363588,4.497528596739858,265.2511986375809,29534.690291753457,1
6.77977396685122,2.729104523430528,459.87654964973336,24415.07056444557,1
6.952511673596021,4.105495485312567,395.40700382157,33737.28852434523,1
5.628406919430697,5.050683115260018,351.1612132424656,28334.49193746651,1
5.966000488790355,4.177139265761123,406.8063023479088,17350.05853092619,1
6.3194315449597305,2.6531266883388063,307.69136061472153,36278.71830879708,1
8.027247869950068,3.480640836854313,440.9389779950403,7714.746969262334,1
8.882684452292407,3.8279208670614113,532.3366593006464,4857.253806702753,1
5.991283475366895,4.840562301475423,604.6312628955403,29983.116007036537,1
10.258615434291345,3.179884727399671,446.4507253355568,18894.852393690708,1
7.036752103833548,4.72812398548281,390.9550329818341,21626.497594539996,1
6.105140135043556,3.1030898440692822,314.96508973191135,44831.86987314956,1
9.443358884146123,3.4866464085132063,458.67723149125976,20438.2246900842,1
6.887414371129534,4.564188355184362,386.62286249434106,29189.13672090755,1
6.512900833266178,4.404040364778451,296.0743820491924,25151.41157350047,1
5.772718094851822,6.091233163793407,465.5592858293696,26124.93141464389,1
4.912557262009445,4.897372508450066,327.4756503972149,44063.09841662765,1
9.73956194896991,2.568079876725237,369.59128906677967,13623.160062865045,1
5.5419790193089264,3.6729759831771327,517.9357855247945,20143.06526175514,1
7.036752103833548,3.6017354805033044,384.68487540523466,42268.33429600594,1
7.036752103833548,3.4517400465867496,503.6640851385242,16263.167465418488,1
6.448931033409073,3.6221955223639024,473.75130164115615,13979.165723295524,1
5.477912294546052,3.774256121104987,358.0441300229246,27361.659066176733,1
8.544708661673045,2.3181524802481963,393.8896156084585,31429.37902924875,1
7.37859701625866,3.215219463201259,402.0199448838444,9460.32263533989,1
6.664003050003359,2.227727884059556,347.3533359784526,15902.945275663673,1
6.775582812405084,4.333636278302867,358.71767685985,17968.882775028047,1
8.736371210915214,3.802116117316719,333.6237938674473,24283.658791140977,1
7.146976296126542,4.025762215893221,520.1113581748348,16911.20377300041,1
7.036752103833548,5.6522221130790165,588.5667126539669,9654.733680734054,1
5.040331692395899,3.603325615207352,529.0525352665002,25653.690231044748,1
7.036752103833548,4.003819011511167,347.95749852783496,21707.492257748752,1
7.745499128179053,4.043334781475608,421.4853341069264,14336.627521273336,1
6.259651602740059,4.213405262223435,380.24019274324513,37356.74640137827,1
8.596391179552715,3.519884366217547,348.0414888599463,14518.974500689232,1
5.767349596865663,3.896090487367949,424.461151952724,15417.932834388865,1
7.0889406421502255,5.661104287047449,369.9693332657319,13839.713425986323,1
8.029181612754343,4.388551011831945,431.3047160750461,19663.46942804372,1
7.036752103833548,4.120931424045978,557.4218785213974,44831.86987314956,1
4.72578556493077,3.156331419586468,411.1144852611776,20834.294278345147,1
8.195765359895596,3.218709224251616,403.1899129710295,10389.542537940964,1
6.4437536684450585,4.498684931428612,352.35362276975275,25740.412590741085,1
7.039094321089831,4.366031350632882,593.3962245209191,28827.36018562907,1
7.036752103833548,4.407566169075395,313.87877126741535,27345.17428802764,0
7.036752103833548,5.110414148991792,418.45359071383103,14971.949025291871,0
6.945224092344811,4.823082013933822,367.9979774352056,36438.31087570425,0
5.742110407437118,3.323069563743198,498.142386052752,26831.610410687943,0
5.596627849736466,5.235111120685716,552.3087055145292,17925.352120318876,0
7.350378986684694,3.6639221839230154,557.4956846795276,26736.08556736884,0
6.262798867453871,4.0125175583490025,567.0272739136024,31414.525805340723,0
9.927023723224528,4.051733473083127,482.84243520889055,19666.99279150528,0
5.381407519092974,4.364066934823452,308.7297975143604,15371.999944017469,0
4.961352728384606,3.902837833888625,449.1471914905605,22229.230089547444,0
6.4570975247378914,2.637364885184688,517.432196800719,18340.04680554661,0
6.53936951037342,4.527364378116469,532.572784824771,21230.431409205084,0
6.252410004649734,2.722908160538052,484.585791160392,23920.25477822358,0
7.967344823111111,4.069358772118035,386.055331240947,19384.03743152532,0
7.036752103833548,4.825792283459244,535.3023514515182,37030.70811993558,0
7.60952119012474,3.145842902755236,370.2708799690314,40879.78957260728,0
6.887863943894864,5.454487652366452,441.0026116881456,19947.924178410107,0
9.879071257570804,4.218831154474738,442.3374864089906,14673.670669338468,0
7.638761770450097,4.496626599284417,394.18098454523806,18308.50267385409,0
6.961891686003921,3.4467284598639263,530.2214099331032,31101.684276906355,0
8.060609623630814,3.6009056695460324,423.4208383688277,15489.325660001314,0
7.240271791102996,3.832597166985505,325.3877076397499,23432.96269427995,0
7.486779708528253,5.048833995025392,444.6785787552245,25396.01178237689,0
8.410460642866257,2.977359946090722,519.0316251293843,27554.34526324007,0
6.143921454143699,3.476213303592504,469.9833240211958,29072.16965421457,0
6.096179889884819,5.142471131650314,435.7837749934654,16314.23337543478,0
6.3848240094579065,4.144998517816148,437.7279152816007,39960.298950886354,0
9.46266601699853,2.850183765643185,485.697274121007,12224.624603764092,0
7.868147086463669,4.315898406460025,549.4149828010675,20434.105735193974,0
5.873157137066786,5.120887964619865,352.4560409918505,21910.763569830207,0
7.036752103833548,5.14411422012617,534.1302716281098,26004.528876604727,0
6.529304448100373,3.361088406841675,422.8175562407171,28970.08760585726,0
5.152203721876962,4.689842817950895,350.0049778577277,27000.10687986532,0
7.858662778844826,3.42247052094365,374.07284473023,26703.853473458294,0
7.704410252313842,3.0313643685904275,397.3996597568738,22057.379164921556,0
6.728004385653386,4.410697353226663,325.5375394237454,22888.788064695444,0
10.258615434291345,4.956358408285043,498.9319114036196,6700.775053800422,0
9.112786250314787,4.567087633865015,422.0394949523859,20868.627979306973,0
8.07980835815327,3.6110574411161216,589.5522114074781,12677.84149561641,0
7.078659419377965,3.696640140724124,380.45991776128415,26177.78950840208,0
7.036752103833548,4.093097748782288,532.885196073215,2912.2112468274267,0
8.043889299098865,3.1599493699500583,430.83682506770674,8896.195118425881,0
7.040244978430556,3.993409763685828,381.3573498745669,20988.429409692693,0
5.483974108801343,4.063613621049694,306.3559038940273,21144.975257847105,0
8.534406879569957,2.5447337011519235,341.76019789426,22372.303266771247,0
7.26659453474728,3.357439470656984,445.0374559516449,14859.059660678646,0
6.256651147926919,4.181050752789532,481.3070515511981,16905.80152440072,0
7.240351005742477,3.782971899999771,534.8009877536372,14462.674308376983,0
8.692115322047213,2.283475159435164,517.4274708823453,2552.962803650125,0
8.639540977998708,4.192932215458884,419.7888979568657,7013.211786707304,0
7.179864148534108,3.878447313763328,358.05626352455874,10859.55375155814,0
7.163999222574383,3.3543222667273684,415.5775126558978,34226.072126574334,0
8.926113143092786,2.752134121425607,361.9016284039647,15249.620244390508,0
6.35311030182946,2.856175486931272,389.68323436473815,18409.037315470432,0
6.681553567542745,2.9567480753018724,326.02622671724384,26132.21181192403,0
5.44532598066911,3.946989523134861,365.0915871928535,28001.11817880314,0
7.539881892843843,4.531593669500014,444.11663259163385,21575.245220759803,0
7.036752103833548,4.482459763675931,399.6054464673591,15335.511432930904,0
4.370476580258797,4.64938203413864,456.3084538577487,29542.338165335543,0
10.258615434291345,3.4073494284238364,492.20647361771086,10676.508475429378,0
6.599593818953803,4.702310752770497,447.9877914293426,21078.887166441476,0
4.197583589415031,5.206480177207682,370.7714128060414,31292.12770367485,0
7.920794564373236,3.3743265226271983,471.3686945543212,13454.634777245552,0
6.330732765446402,3.9400004233930663,436.9917521078011,18397.199408096025,0
7.036752103833548,5.128346524187511,329.740861722908,23433.90177406979,0
7.76414261000218,4.105178268056135,399.13171794893873,25926.075642581047,0
8.237142633897012,4.93910944137509,377.6820971650517,20015.39810593454,0
5.6792341150880805,2.3395727358561844,256.3025585111134,35643.18120775992,0
7.417570368300503,4.671557881112399,496.1051876371823,23207.092841191657,0
4.775983438506525,4.382161618971923,459.0835567812651,19185.79187714887,0
7.865094970430806,4.795025554920153,403.36059590961617,14310.62330102154,0
5.903465715091598,4.5870867193147005,434.7197471895089,25394.104720299747,0
7.705711006313976,3.8619560774085047,518.0433689948433,18476.619165976248,0
7.815121777828159,3.096163272201657,379.2228730386165,20229.10815026317,0
6.139743031734375,3.841221573687875,494.1291249442764,23894.13600961513,0
5.041405027891031,4.543685761333924,444.4534957423296,17342.3140789379,0
8.675192691679182,4.978575359632432,441.2980876471255,15049.584198812629,0
7.689358003612376,4.978556094767624,529.7465287886901,30253.851102579432,0
8.57012912066282,4.60440456098565,511.16151114197817,9782.344284281313,0
5.6717623259348064,3.268693506763812,409.4793778671879,17527.716725719834,0
6.624806427804383,2.8409107556338893,412.9967633675452,21443.264748755573,0
6.541007699013848,2.355934229271096,530.7996675336756,29616.492869322887,0
7.036752103833548,6.091233163793407,350.89436180397325,18408.29497139389,0
9.241197563363231,5.265728857736182,480.01305630402186,21610.58129692349,0
7.036752103833548,4.514981623747227,457.8115556229912,21318.96168510506,0
6.340809022225877,5.458609690232223,334.937302203452,15288.213773747357,0
5.980357226763917,4.24724014869094,543.347976436273,11826.294275033131,0
7.605978830252509,3.242849929074104,400.7061608231096,10930.055670692473,0
6.427512442841498,6.032994877321904,566.7547237759687,25993.711405769885,0
7.036752103833548,3.888235227107233,417.2873151070302,17909.365782253528,0
6.109073311509666,4.881101138250652,375.54736167496,26853.949493176107,0
5.842933080915621,4.143224936339837,506.7568077419968,19156.123132395467,0
5.367546490440581,4.267189590792987,463.4784249372301,29009.01082101329,0
5.345887146753815,2.9503609427959407,492.1354892509559,22274.368371630822,0
5.386307352101625,3.6625634650940575,355.5464203360061,40149.316556861646,0
9.919478425557038,4.117488039506429,278.7532038297245,16544.275591098198,0
7.036752103833548,4.328026356733113,503.1392454736291,42061.322799299975,0
7.121458434633312,3.7746005260862687,353.927593178135,20574.36425799319,0
9.418296121790158,4.604633153598903,596.8258366273537,8777.686783625666,0
7.457164758414311,4.106543051529011,584.604353693162,31085.08343340377,0
5.272227560197716,5.068556188550558,410.6485371885456,42210.88523695676,0
7.291957039597602,4.237643894270578,379.2701222367999,21891.677158572624,0
7.803833220697706,2.9073872665012983,343.76401307822925,37376.79298893104,0
6.844350911056747,2.877062813201912,526.425914653086,23608.862238919857,0
5.608745231813571,4.644211644910143,596.0763682976194,19835.980770126956,0
5.701154644911616,3.403136416178923,509.7678877470622,41411.60170700689,0
5.412762497595831,4.091205592856339,420.12476097328585,44831.86987314956,0
7.036752103833548,3.912148350676072,631.3042162562696,17264.84091667297,0
5.018132384268232,4.286478967398262,467.2180730838075,29072.03812086268,0
4.552238410542729,3.932804333605565,461.8362776268778,25969.215119535213,0
7.036752103833548,4.613578721749679,348.52732144162457,21417.593614505757,0
7.025305941689352,5.989542790855565,471.131715895065,23502.857795232936,0
5.770620969105658,4.240821477653531,387.13048289345454,16173.727092975756,0
8.437875983021623,3.815468994490743,587.0226089682598,12856.92869494354,0
5.90707826866672,4.296479908726679,357.258970259906,41839.45644895902,0
6.8983413301771686,5.371284155719341,428.7869759303989,19024.485531279348,0
10.252734368477768,3.2903724922745674,528.1216264671157,9651.87482568678,0
8.206499937809191,4.225120930188118,332.8553212567344,18949.97553945145,0
7.286167388039818,4.686019915871022,352.6021463876769,30879.02668435887,0
8.809296431775966,3.879053740492374,350.1166858834841,18140.59427092464,0
6.641500687280974,4.694311215541648,573.723762288018,27867.486756939925,0
6.145148360574157,4.600885754944692,319.4340325714238,39657.27210801511,0
5.906441764582054,4.807495941814587,385.81281839087774,27296.294044952007,0
5.389845930491161,3.5776749209970067,491.7504480353029,19646.23341923321,0
5.006562979263787,3.665205612498673,303.25634290442457,27218.82197618923,0
6.503638200451563,4.963184434039489,517.4283917117882,15000.18776915127,0
9.606858896121905,4.405351951779622,370.90380699559375,18907.64284070545,0
8.742229881827978,2.8423931855932016,323.7440124682411,9694.35489610499,0
8.394397411757225,2.8339014301371472,376.2411456671788,10603.098020510712,0
7.036752103833548,3.2577441805128595,610.7675763191837,12556.754046730206,0
3.889106956840228,3.635634542700212,483.3342093477697,19988.649261869065,0
4.301373467127349,3.067626699089017,365.83537478378594,26640.072187750717,0
9.895889212950532,3.8134286591434106,481.1367926215352,13189.519382976216,0
4.319440672587684,3.2419721011866467,282.6874021207624,30565.57839108449,0
8.313773604321764,4.290071516364875,607.9158476886159,11310.958312527033,0
7.036752103833548,2.3800842267127287,517.4961422095046,4784.967879427389,0
3.889106956840228,3.721765768518896,351.5203925762217,44831.86987314956,0
7.510943342127445,3.3424090536108357,499.0950566296749,17100.887433380165,0
6.978290867613598,4.931878078886141,564.6475642135422,26189.647063515877,0
7.036752103833548,4.380978304316724,360.81429637880143,15908.561870396212,0
7.460727220198072,3.949014617743278,377.6822199588014,25222.95600386242,0
7.036752103833548,4.543581169567961,445.9284558380588,18327.43842889818,0
7.220165553446549,4.398685036000153,407.37504650965445,15658.08627988846,0
8.790851188948057,3.4802717553207825,384.9207710120818,7850.641892342055,0
7.036752103833548,4.148611317085472,472.6937251298784,26486.18143996345,0
7.036752103833548,5.776611019642239,426.43072016026,29433.42378398534,0
9.049166054297842,2.8140006830459026,471.9253771573846,4343.356611002731,0
9.515140615244428,3.8128876614746607,501.446833694912,9082.816175459164,0
6.145242939675406,4.090939919526503,435.3765288146327,20417.264415925085,0
7.494212046966072,5.492704955036247,445.0612308953742,29252.501111666465,0
7.091885816966667,5.116406584527922,515.0599861297902,29091.20710074859,0
6.624572527652799,4.333720849150268,405.8180971819344,14877.289737184625,0
6.032188902899926,3.423831621257197,349.98217324059243,32882.15594301242,0
6.344095425001865,3.8434840157795422,337.21944802335497,14973.29735702295,0
7.036752103833548,4.103438960001448,301.20288534011263,27382.769331033367,0
7.459144859485703,3.841052037778387,494.094338815866,19436.503541599835,0
6.361666802587903,3.6817651139312577,302.1907102250481,25833.85171330617,0
9.011588753600265,2.897292531479614,380.14520478709386,25208.151842324634,0
7.466213132452259,2.081845656839957,456.2621505929234,18261.69494170539,0
5.7398163326022,2.7225712077897968,425.0167571472066,15825.44031571446,0
7.785106673059819,4.904613043963691,491.4317215284837,13404.25433236888,0
7.138586781331626,3.272429761063929,399.9548333631674,9727.653170396705,0
8.805177745264922,5.17620506921009,299.27977468951804,4728.650671023337,0
8.003031485090926,3.1375512055381387,561.6131872428542,15007.272681730628,0
7.157337864026239,5.183622114589742,506.89965696293496,23718.55201117202,0
6.42736514447551,3.568823153057529,332.61275193439326,20920.25156102137,0
6.124672270969831,3.631006709381833,467.1718220182185,27951.613070026902,0
8.45790103691031,4.914276094825079,370.7121075500261,16061.590097622857,0
5.772197393568782,3.0789858386712936,414.0150431728218,27840.69421009444,0
7.036752103833548,4.589161805096586,406.4663850226815,11562.435509561536,0
6.760790523068997,4.905490433324554,457.5548271822209,19089.94855741646,0
7.895045662146321,3.084431232538585,472.0429123738178,10465.261601336148,0
8.57673992840484,3.9161147325276127,389.29278450389296,24897.28660152616,0
5.596729817575806,3.826158190514717,424.2570132514406,44652.36387224059,0
8.145632374254966,4.307547518552997,376.66987772047145,31350.27576547941,0
6.665495068276907,3.928495392384576,318.5643303881261,25319.913867098738,0
6.499067997822331,4.355880124898533,593.5617555564522,23734.84621110288,0
9.735889387811044,5.573210318927751,449.3677902049433,10897.150288987916,0
9.268281894641785,5.255703381928599,431.4754121843943,14333.53802380583,0
7.036752103833548,3.9991254999566994,447.93712304214415,17705.608615915477,0
10.059642098512771,3.81878876006795,477.9837556664739,5232.913253564904,0
6.475885398609551,4.30611297137217,466.6494199714444,16532.82882248396,0
6.096128347500615,2.956447478165364,404.4600520190312,16932.577102767227,0
6.297845634002767,1.8487974931046152,434.0487021835571,21022.8350298754,0
5.284096687429166,4.800963142409066,543.1817477191589,26532.73725453348,0
8.269944709732332,3.076479932155731,405.34060889658616,11889.21774723934,0
6.0395677903078,4.206835504487218,357.98631255710114,39489.0097363008,0
6.243279004222159,3.472839212514484,512.8947170908859,19605.029574738517,0
8.214099764451955,3.3818639095118863,418.6787646694522,12819.87543649163,0
7.036752103833548,3.9167455268933375,509.5464193025853,39742.970329359705,0
7.036752103833548,4.284878629001862,357.1196221086572,27071.118618299,0
7.036752103833548,3.569570266317617,421.464253153056,28135.07683795839,0
9.836030547126414,4.219118007986666,300.0624865683152,16103.360549293073,0
8.719764331543185,2.887725422454221,481.8534151940728,30681.120257939838,0
7.009601694292698,3.121944851326298,397.99610295937634,18628.696825146977,0
6.492638846153852,4.667770161467155,652.5375916144461,14625.561362859704,0
7.814524320753557,2.901699555775163,370.0113728879427,17516.69936246287,0
9.652562935021928,3.192569798875329,392.7674528431783,8508.153729977339,0
8.007541219554257,5.250173060134276,447.4843610277257,8864.686480286256,0
7.036752103833548,3.716659340751803,374.4638479095162,17561.272835697117,0
7.036752103833548,3.8451271657169954,426.0805224202867,33798.10895559447,0
7.386837696427604,4.816705216346371,458.0441705053527,29122.696996932584,0
5.497580321451809,5.060114928661615,476.8444591180018,29493.42296740954,0
6.057828113719532,3.2922492668733674,397.2367838901215,44831.86987314956,0
7.036752103833548,4.235174415004401,382.75796556357153,23879.22675685417,0
6.268953336634952,4.6744959728986775,534.5408374618635,24769.511393738707,0
7.036752103833548,4.969149725035601,471.0626398509,20661.411062730385,0
6.284984822452388,5.70328774274241,574.5406714988471,29213.62038620881,0
9.043095631701522,4.008499340500041,372.5512190398168,8273.59197053936,0
8.523062078756436,5.112376365006609,436.6259903050163,24207.29802654832,0
7.036752103833548,4.183319910746318,294.84680153384915,19998.85901868015,0
7.036752103833548,2.913048442998909,430.39560039453903,30630.759939174317,0
4.029052709937867,4.179656266918069,503.7324283021422,42327.16801603931,0
6.412707041754053,5.014144884495,389.2152949435972,32333.84154221961,0
6.276294989981585,4.342759276850004,470.4296759126608,28653.47234174889,0
7.648877927703538,4.953533862998418,393.2935389967264,22510.9750698624,0
5.548181849115771,3.945460483724316,431.9724288771597,39997.78369749367,0
7.036752103833548,2.604959924643713,438.1321035053711,17870.31524621836,0
7.4686170188765795,3.384178840922889,453.2113664209743,36701.97434743677,0
7.036752103833548,3.764703593500892,418.269806221273,21051.365376288843,0
7.918150470853138,4.028958007331559,411.4244825713205,23823.492887703946,0
7.036752103833548,4.26677539510979,492.2003089527555,10830.80124539962,0
7.036752103833548,4.161749271319296,308.79251460626085,14579.82207262586,0
5.433242116512631,3.675717672978606,451.557177709948,31157.11016705372,0
8.339511610034751,4.827704246705364,428.9503287807242,21295.749878708943,0
6.715719087979793,2.443008005777361,411.7955028861899,19966.744696524027,0
6.098012089946328,4.590616740729233,488.1413127215997,39352.77583836346,0
6.576845323081143,3.7713135180813815,418.9724665928773,12772.095750375796,0
4.681098760235678,4.125750332990424,442.5305081273516,38748.41134555242,0
8.151215310423664,3.523980505672175,460.52873600352905,13699.680707842788,0
7.036752103833548,2.364558911796688,335.37821151987544,13584.49033849808,0
7.036752103833548,5.666547310958305,463.9651678344625,27319.56902994636,0
5.669689566349437,3.5921334240895173,403.9899201737513,20081.537954466112,0
6.624943599869574,3.5466963721784297,458.9239774232179,16360.566298166472,0
8.273643584335904,3.331583734603577,344.15496462366247,11120.701045500731,0
7.036752103833548,4.306218230824751,474.9374695635352,25717.936177979973,0
7.036752103833548,3.2820613930954394,391.2387137269312,11954.700730487684,0
10.258615434291345,3.505078834160683,411.2169780969667,16786.925405599108,0
5.171434094056084,2.949431503010539,552.907589514154,44612.75135831064,0
6.964198299767605,2.3956831824148326,302.9404332488876,27408.4993324818,0
6.548796520596996,4.197305124934162,327.9673430235868,13584.900245458712,0
6.555439264384325,3.7920401696633417,436.2780756249885,15405.49648051099,0
9.04258286604996,4.348440139653611,377.8579585946213,14149.499829286711,0
5.970578907790694,5.013281168465715,412.0389222341292,19952.30947002819,0
6.273805781551276,4.5104053244440205,538.2037133575559,15130.154367811052,0
6.604007988638578,4.458966913210226,430.3327540201968,23564.57966347158,0
7.143941990149046,3.7928403073905503,278.4832659168874,11553.039281308538,0
8.11644657034648,2.934697436997308,436.29055173235497,23985.864422293933,0
7.665187780430904,2.7071291616855064,417.7389883575676,22993.72935030665,0
5.555352972792188,4.5361459144294,355.2069684706114,20503.430054601704,0
7.543931304508226,3.703191305765389,369.4276990876995,24227.961139341915,1
7.036752103833548,3.5613978299719125,452.7276912662175,11724.62331510551,1
7.3401708843321565,3.919139532735149,412.7065583079045,12810.42316025056,1
10.015189062467666,3.846547549446087,324.64790875398586,9064.035830800274,1
7.036752103833548,2.72365054009649,388.0658567405991,19037.46263750908,1
7.846463340823771,3.885623898479858,545.3106589916553,6670.659353530027,1
7.036752103833548,2.0007570315103718,323.0010364016669,44831.86987314956,1
6.334162775563274,4.038829793491571,399.5637856608893,23460.82138066364,1
9.616095703448057,2.946643668370939,441.8810049318061,12538.97402632583,1
7.036752103833548,2.4752844638171903,616.1752427782974,29496.9101574473,1
8.892998479215112,3.619132804902203,466.2454797409944,22960.180643869724,1
7.036752103833548,3.957011709406519,289.6605863574045,14563.682649079745,1
8.141429899766313,4.350921900795209,363.1293527237093,15494.3598370104,1
8.165714932759002,3.920116479963848,527.9125435620626,16925.01229722553,1
4.931958445234491,5.045982883287057,506.53141388629575,31155.540218305283,1
8.977821883109304,3.1999996142418063,492.097824550344,20225.6429226288,1
7.372611795824961,3.1825211188828444,551.1452068352077,17606.885689078066,1
9.10733038346176,4.49213994862107,467.110761590556,24678.329289092,1
4.168248461367502,2.804525051409483,547.4668311616424,23863.7168635121,1
7.806909023349841,5.127910987699841,524.0797055340377,21299.31865733505,1
6.7046354257784735,3.4221786198283937,405.7615711074016,9727.761715714958,1
3.889106956840228,5.370205548696381,388.75262033130286,26738.525360886008,1
7.966856823982582,5.115430914016896,461.3562274945036,21440.73884828446,1
4.5956077558097705,3.978919806946673,631.8220781685856,13891.03853003988,1
7.036752103833548,4.058942266477222,402.6192861825653,12874.44463702976,1
3.994497605953491,3.379147350846876,538.1749592223946,18682.27713864192,1
8.907987117561257,4.6412585321295445,426.18656504996113,33653.7619633927,1
5.898726324805972,4.899815187496653,312.38858564170147,21148.24190473068,1
9.51462662210288,2.645036370222636,453.9184895001652,16553.562437442186,1
8.842463655897197,4.576728706441388,370.0851533742653,7839.318759829379,1
7.721078493617457,3.223951089800068,269.0136348220542,17248.61874200274,1
9.0894210984221,4.43011601625449,449.25997564536,32238.077782489603,1
3.889106956840228,2.9675541301719317,428.4448225200992,41538.24273000266,1
7.725192099493611,4.1633255369929305,338.21425829801234,20461.759043330087,1
6.729191489422883,5.112254250604552,341.77477792211,31991.958746649994,1
5.085429352833509,3.961730669540862,507.47624901785673,33455.24099482324,1
9.545270521249014,4.983903465009575,498.2669593558268,25189.8306215794,1
7.036752103833548,3.6935109356881006,328.70096062821995,20049.24209921328,1
6.246264053794833,5.044454777717949,509.95686424056873,26408.88176751282,1
7.3764491048464,5.767354666497637,439.31285329801904,37191.11414053757,1
7.802426084121588,4.363529881475539,413.292183492284,14382.902158061956,1
8.596767212344783,3.2386929330871066,315.4790703994883,15173.471149854351,1
6.436444496090232,3.415851385375155,379.67536682471626,19579.389545753744,1
7.33347772602672,4.772662700779373,401.7393087132815,16066.552124395566,1
6.144759037662152,3.082080495833988,332.59812622472987,19981.31518756184,1
4.725997720598259,3.644606540888711,441.9451807095715,34265.83058147379,1
5.393345914423263,4.633854752317118,505.5423486694557,28099.038729259817,1
5.624819996402396,4.355489161530189,340.64839262295163,9028.760344852111,1
5.768868031092238,3.0926263788262984,380.0968101298066,31155.988820087405,1
7.036752103833548,2.7756354336001303,512.4544684082954,17749.298664018053,1
5.251353815475827,4.072252323176482,315.536105373161,34768.93341990608,1
7.68878591609137,3.9186731557714793,355.6986132389772,29568.535852018093,1
3.889106956840228,3.8930704029978314,564.1838239951721,26726.77111340624,1
4.897691706502586,3.894464332984629,437.5386923936241,14676.71627206917,1
5.8427546011896965,4.490392564009722,475.1429562109705,13969.26156241775,1
7.036752103833548,4.414818909753493,431.4573372034281,14472.391549496848,1
5.038316783143259,3.913695775844471,350.39102412394016,25866.10394858233,1
9.96124770904986,3.24658309722844,398.6809356264087,11939.769859279972,1
7.417502636689077,3.3912406668716133,366.3707236475444,24389.36288513361,1
7.036752103833548,4.441979835848184,441.98610614652114,37795.763317883866,1
5.09993200503465,5.159301248966906,334.5123058810013,21807.40013130367,1
3.889106956840228,3.349571655135964,500.866018456054,28584.17580970699,1
8.860450853927205,4.677713326887139,526.7049237128014,24085.11214024342,1
10.13793228826111,3.8720181587617,596.3463463537486,15088.827652848911,1
9.900814840038256,2.3950021100616565,345.0198518366456,16233.134679362192,1
10.258615434291345,4.304689262186712,341.6022086522524,13753.99337343067,1
3.889106956840228,3.545741437567914,443.0292321286284,39028.59934029076,1
6.0172609236891335,4.427712282297473,431.78198749065535,15157.268786501596,1
7.110845138033223,5.712792127184658,505.73553454097697,25043.53280335705,1
6.350290472055328,4.265233067313503,446.840605056286,14905.393851576406,1
8.129341720237186,4.822043563607494,367.9887836916985,22982.927444607063,1
10.252816232929478,4.559836218772728,336.1988371922729,18158.842119050863,1
5.462355934706153,4.486180492425556,534.6639448904972,11642.148998545998,1
9.239440361060408,3.471971127332792,575.4219683641888,14829.624212321543,1
7.071314192217861,4.293726559748635,605.3050414394087,20038.796416929355,1
7.11589526567209,3.736020547055431,369.5340340016997,18463.88366234153,1
8.238996596889073,3.089923748952148,328.3633982586783,25046.798640288314,1
6.446252031563202,4.976957857871973,418.0412195645082,11104.250507939692,1
6.161779499462049,4.003547029108377,344.3656891332465,12229.647584088483,1
6.772156537729458,3.82725596122325,347.58837474387843,13790.296201812738,1
7.061845519716819,3.958248504440257,353.5104246491603,11300.238108793832,1
4.638250258554134,4.124537824896342,439.1177045525735,34261.98588949726,1
7.678966888683202,3.7189815585763055,395.235784311772,7472.506480020473,1
8.137713063107284,2.743866752405663,481.0735393354328,33786.716309201074,1
7.481397771916631,4.039976289796705,323.7728426252204,13781.780283955726,1
8.082148076453887,3.3734845141195007,402.65802223263967,28407.66102588473,1
7.036752103833548,4.290393223612015,436.8440525505291,27983.17942203171,1
7.70218309918713,4.382159162064481,646.7325987352091,18126.030963032397,1
6.75076118602011,2.77772626475094,446.6969390598088,23642.992596628425,1
7.036752103833548,4.64936502812178,327.2895433835891,22387.315752754752,1
6.323942072569584,3.5750105760990736,401.3048946303945,23234.788934234868,1
5.403883692226708,3.189942299371127,377.4307462748564,11571.421537186176,1
5.699873488404511,2.416402097988852,501.7432180670225,31977.37013682092,1
7.694264581971543,5.707192759327155,439.6330268963013,22673.0344718994,1
8.581428693706043,3.388448221942008,384.3056982945817,20590.71211413799,1
9.888941401311577,3.750163510344408,460.8124248503234,19892.38891391681,1
3.889106956840228,5.978053939752291,437.3771805962571,21839.69595639051,1
8.370440489338627,3.210635410482233,422.2938192522455,15063.814968339631,1
7.036752103833548,4.26852451986332,365.6875203930603,13286.156575345676,1
8.390500571895505,4.150359337290418,443.4455902859356,27032.14226185955,1
7.581944679656733,4.833345773568087,414.8109853897354,21675.682866428637,1
9.850054687400435,4.521836126865956,462.48019891044623,35289.2371102066,1
5.225683806899056,3.6957469824917286,394.634867724289,16276.398604470483,1
9.663653196397622,4.741944304660503,326.77780298075004,13213.578253600464,1
7.036752103833548,5.010163393323611,354.8470532822727,26210.116012222665,1
7.935607325113079,3.61965073748165,358.8490033061344,19657.84331499779,1
8.928142080209764,4.111101546196108,317.5326799498512,27884.434251689578,1
6.920342898512878,3.2662134754089074,481.955877131042,16689.79960375622,1
10.258615434291345,3.823092676110029,340.8088227507881,13867.244195734918,1
5.72930291193782,3.5563948119631066,297.6313652164491,34573.678785724354,1
5.33568880893353,3.9219763810567607,465.07279582402913,37993.182754531095,1
7.036752103833548,3.261591730784553,484.172953298292,38977.33079809635,1
6.769834880813582,3.655789569066617,389.5162860869136,34596.001871740686,1
6.848329601322462,3.7322020177545054,404.2048591920263,15908.642086031294,1
7.036752103833548,3.3082941798432275,392.51690179297,12856.72862340994,1
7.036752103833548,4.599572634095484,409.501841738755,27064.41840881681,1
7.036752103833548,4.930189986333271,421.343736166148,28224.77417849429,1
8.589202343654149,4.041445670962364,258.88020903971534,7263.056749130122,1
8.473649322846748,3.487816306545352,414.3080549418767,36412.488259683865,1
7.591346093540146,4.515150113779176,416.4456174773966,25383.76518344253,1
8.137767883092494,5.003825786209145,470.83626451802894,24172.70331260775,1
5.352565979714757,4.7791870088188695,422.4225086996837,27795.73204094097,1
7.998090253941313,2.626546783770298,428.8823659071389,9609.740604778375,1
10.258615434291345,3.024968486584322,500.1692103256438,8296.550611117107,1
7.442536475327727,2.191138421703526,564.7934853202896,18223.02707963232,1
5.1408005276963324,4.19225744935354,378.8971896117619,21407.614287150733,1
7.036752103833548,4.626701022502608,351.9973602254736,9783.368727453491,1
6.947915533873985,3.685079273135882,453.1519380703697,10337.541702863726,1
9.62210598702481,3.975571849056162,573.3304971144634,30307.217674994205,1
5.361211666098464,1.8487974931046152,490.658746989276,24709.72885813722,1
4.909518983025118,3.7855066443800336,460.56672194405206,13652.602029885013,1
6.376408434486552,5.404045772985421,350.23632637500947,33046.727605817854,1
3.94012545989782,3.4780048078684977,487.9851851449728,25911.32167953699,1
6.916825973221457,4.598622246118412,392.3635857582856,29263.55406898172,1
9.146557555894002,3.210881938583371,459.5690213665925,6787.484660017703,1
10.258615434291345,5.199864588297582,353.6309128926869,14694.420624957002,1
8.787667940586466,3.489945595277838,415.6248816590512,7035.13379657523,1
7.368768530294821,3.813881276266772,496.2708509833169,18452.02299450765,1
9.352719752960567,3.398264164565317,420.5945918938736,23558.5547458282,1
9.393148441549062,4.665681059368009,447.0744599342789,20592.258942126427,1
7.296572875466082,4.67916864329843,353.0629065748293,22535.085158347272,1
8.90086469660199,4.518750669722005,333.77532714280227,9592.151333127596,1
8.107244312818498,4.688271256294098,369.90319874889263,18364.83141799289,1
7.804368873943725,4.075556975063991,468.2125374032706,14160.68676634536,1
4.666148130914806,4.55686375232757,501.9028641271134,35680.067877428795,1
10.258615434291345,3.7202643792172,575.3090369357701,16099.151895652394,1
4.739548767002988,2.942348225414489,437.21759018140494,27215.90274170991,1
9.869231934989052,4.736849577023042,356.1819158560579,29549.65882291618,1
7.036752103833548,4.329204049946698,383.49095391355945,19575.475362719964,1
5.827541211542772,3.1791287413400817,370.3572882122672,25863.34324460301,1
3.889106956840228,5.160603788160604,322.29119123589123,16922.853898585203,1
7.036752103833548,3.900508521463043,319.8429300956216,10443.796533894729,1
9.485832873402854,3.221129818784097,429.6222121825796,15357.83337292032,1
6.435722716949114,4.925339107073759,508.34520701170817,9363.85398761785,1
6.365497241052185,5.125416576401367,371.5796340409174,7040.737620777599,1
7.036752103833548,5.266367538576662,414.61765510548713,23828.207681634354,1
5.452214926167417,5.190533810336875,469.1319512580189,14446.81238968584,1
7.036752103833548,5.0763624641800265,364.7010953585888,21852.437944482022,1
5.433466238973562,2.871196030589475,490.2846741272502,31421.73163322104,1
7.374775413656679,3.5922647284429,358.98325438036915,12285.891482607538,1
7.036752103833548,2.951395753410233,379.29064585960185,25954.031764320844,0
5.226941884272904,2.2595502886491894,328.3874298042128,28398.554196372443,0
4.594209164354396,4.917909886714817,380.7232523452632,27981.091190195864,0
6.784133023750861,5.03582284435287,328.0335757343945,12827.621006985364,0
6.400256164229511,4.561493818692693,435.4056098362427,15936.247359864004,0
6.839415897979054,2.854526551578415,460.7659944495249,28508.637799593933,0
6.901863448736066,4.047907292461217,468.4163498271398,20442.61501430499,0
7.036752103833548,5.260301115251683,349.95453401087576,22462.113287036183,0
7.888843574059525,3.6305239854418616,423.6627074595676,15824.788728849351,0
5.527633482507711,4.591137050219068,412.8676104901122,22095.637163625644,0
6.492403121956253,4.383394691806273,442.10420764013503,18607.213192973988,0
6.684699736748975,4.030659830632323,498.063996249716,34157.18447357784,0
7.036752103833548,5.034682957349176,428.77061040859,24108.127550510275,0
6.223677774999095,3.919575057474988,474.66533168597664,22423.495207292573,0
4.758648346768645,4.405508764376716,288.91245683813605,23603.06541683117,0
7.440825031061319,2.496342612338434,452.9952927870204,17259.852302409414,0
8.054885744073163,3.514097774584284,446.7484416115787,12642.065947280007,0
7.06183097218188,4.299018586936102,431.4246894278691,24991.766020523846,0
7.036752103833548,5.005878529984143,319.4230514870244,12666.005324849046,0
7.611609817181437,2.873261209549148,505.2654826373972,25063.68301331781,0
4.69143831512022,2.730792274371549,516.8516225307658,32182.262317798355,0
8.064170137236562,3.246077223248075,338.8481579462765,8712.00258845446,0
4.292966858149657,2.8049235828692907,382.9223629717562,30434.269118406635,0
7.865756954092344,3.738618342932626,505.9128644709307,16147.001950433065,0
9.085637101693884,2.544020275544053,381.3465821492757,9001.658753142132,0
6.592442507785291,3.0608273538358923,440.60113456028665,9381.239930798449,0
7.03281872622224,3.633373288668084,521.7808841520609,29370.26418381893,0
8.990317233704655,4.494544339362194,551.5403897934349,23728.29401456205,0
8.561218924457805,2.8138885986983486,347.8409648944553,16686.312760329496,0
6.7391576920220535,5.214484016180421,425.288836697235,30950.681099821508,0
7.036752103833548,4.238252980379006,567.6041513702078,20827.98384358852,0
6.492627157365379,3.3787784927745594,313.2547429967247,34314.08709117726,0
6.753128352860487,5.102516756563615,389.742462140902,18222.931957438417,0
5.039373608702727,4.957419783113156,386.803056636904,40829.35316707983,0
8.296344055589273,5.400810789347245,294.32514221521586,17468.99980174377,0
5.455599351643056,4.4763487151197605,343.4175877984175,37620.24846932248,0
7.918183320861496,4.764193594306708,421.8900828269085,20012.172975903424,0
5.018045870383922,5.035153706923996,313.47795930261015,27317.09944429893,0
6.495435285215991,3.3904705401970827,330.045051770925,32775.63258497812,0
7.036752103833548,4.456104061234216,445.7007612398767,28184.900526966365,0
8.783167623905637,4.274136884143136,389.0216156030328,16183.586649397506,0
7.036752103833548,3.403269587083857,381.50160357350296,28499.10732797347,0
8.159666704184943,2.9571948491508118,459.54115883111615,17068.29886291952,0
7.685396843315841,4.179187127681619,492.8503913894517,7324.701425458467,0
7.76202074451675,3.2563013285827784,520.6407737607899,15548.416673502205,0
7.207931097430971,4.705561883525115,437.51204208786646,18493.872175475164,0
6.98704150028991,4.475161102744778,425.6709639584517,19472.624328496444,0
4.69219656349297,4.009006061677201,406.55166701639206,24211.63077025936,0
7.036752103833548,3.1834353228956065,396.80565205746944,9840.78281985046,0
4.059431468029172,4.330321564154249,414.157826023051,25770.00672165666,0
8.389945658771296,3.5697173123209334,471.36988047481685,17674.706148701305,0
10.258615434291345,4.154845327510767,414.2560864758929,10571.770376968932,0
6.791696906894755,2.817391373961896,427.2397403288587,21467.950865982875,0
9.953952111556116,4.052905069433097,339.8830286936424,3773.2811465808113,0
7.036752103833548,3.837256627123341,386.3452474773828,9836.401847179895,0
4.489783796199172,3.776225631479449,518.5852526497778,14906.047921749065,0
8.020869102871476,3.4421212362955,428.66096486233664,21759.36392940157,0
5.0900353321672975,4.838862280223715,526.3610815801607,34094.05717743785,0
6.466874708929867,3.4081687916535586,304.9563717110235,14848.12948874036,0
6.702496216244025,4.267952933982107,361.947758191616,29057.22761748945,0
5.766204133561628,4.472018169722266,536.2686726684562,27700.121945252253,0
6.571099216507485,4.555949236427071,497.90231984559006,23372.882653692348,0
8.509220048921595,2.5198915810235114,585.2226283821852,10587.304929474993,0
5.953981878134785,4.071916487170485,416.0909978934503,32241.079614323666,0
5.403196491704968,3.871463111097292,587.3786921402553,27509.89342471555,0
5.596929951315809,3.506764606330233,535.3395605256891,23930.374548905656,0
10.258615434291345,3.72245485080585,522.0278703100935,12958.74845688364,0
4.91681922881674,3.8367032388187607,541.7723150597343,22829.12321193056,0
7.1830959315085465,3.8065394387932265,617.5409064911263,13501.677965117036,0
5.923441414571481,4.107363630145296,471.8575106841912,25951.554035672933,0
7.377036503769029,4.531658688151207,579.4618244285435,15340.951839023182,0
7.833495881064739,5.580829963035424,462.14242417044414,28338.98146056608,0
4.745764371481156,3.6991462587291006,296.96410172607307,33153.81297558052,0
9.055825784677507,5.456912830156691,342.35941054072777,20226.287944826712,0
5.492155982957838,3.294129366085436,500.9387878651716,26422.097888905493,0
4.487517479010939,2.7657222477016736,390.5669453150999,36860.468899312655,0
7.027185659271876,5.353043339815189,326.2690801979097,30988.97301937858,0
10.200644508442188,5.174719758892985,291.6002827897236,8016.202938437553,0
6.784279329300363,4.045547056489322,374.1818399732621,17569.57981864576,0
8.08041524398239,4.070824291566874,600.9372030330944,18136.128858582844,0
7.036752103833548,4.167336456868864,423.9783891770644,14017.372065676183,0
7.344975869046369,3.418763194643632,360.1844730557162,5689.804404872833,0
5.923739954690041,3.8844603708206806,399.9483324962554,33306.01253765967,0
8.285395274908012,5.438487906597953,388.94116300743104,19096.82236947592,0
5.94951876406115,4.072197621614668,451.0127884183372,16898.808297192718,0
7.036752103833548,2.9983354715810404,474.7817344225263,34160.92514352129,0
7.036752103833548,2.9341370013330885,558.108549013308,35971.02511348583,0
5.296578803810236,3.9184698008316814,393.3886032687506,39537.08646010253,0
10.258615434291345,4.5729230043865705,568.0789801609983,8108.297321624606,0
7.01683611325458,4.101397991008648,471.4843945930624,18014.99570314822,0
6.871607245014967,4.180389311503939,379.5077385315285,19557.99372436916,0
7.036752103833548,5.504749396920436,498.8039168835444,8985.911807108885,0
8.274069058697867,2.5754230277099115,369.19833429369726,18091.20261463097,0
8.238878989445276,2.784712796717906,401.0637636598361,11451.312217210629,0
5.791154373453377,4.104834816564649,544.8574805951714,20288.235569468678,0
6.153368956728868,4.030337485422805,485.0984831368037,22052.03461898169,0
7.303051906328316,4.144869940408154,451.60592395435793,22053.01026214273,0
7.592672300075482,3.341426728065969,355.28444229142696,14912.22550624187,0
6.784116114807516,4.072186607547674,480.30858096175547,12736.86500142577,0
5.606856130577717,4.070966098496005,446.38640359860887,32423.4626851086,0
7.036752103833548,3.817778953181653,373.9201601805187,36290.74611241049,0
4.922045466248699,2.291694536023172,357.4707042141214,38494.72024569318,0
5.700784947291592,3.978141278692845,359.50655304063844,27365.10636262947,0
7.036752103833548,3.1340001497974344,429.3502679728248,25338.61934219312,0
10.258615434291345,4.308256960674539,327.6586443803132,7066.376916672311,0
7.6021214747799855,3.6988747689394295,210.31918197203672,11346.143452721666,0
8.84628195691071,2.9250375580069843,419.3955690592329,17734.949625157653,0
6.751698586301178,3.7560066720223904,381.4403881892725,26325.817698746418,0
7.036752103833548,3.619590634969264,357.71106011102967,13597.896037808574,0
7.036752103833548,4.43921523990166,399.88338796337496,12519.090659913514,0
5.088213197324547,2.6006186786445613,400.1553243308145,39125.20919646321,0
6.9549072165208425,3.169714975942725,482.5982701668688,21895.285700634133,0
8.983811794161655,2.44567338788982,416.89916011180367,15158.721747534462,0
9.519659984470318,3.99455613628636,395.6985381563546,17258.188354998932,0
4.700392723840931,3.481943696005759,539.4646482053535,35216.534274067046,0
10.258615434291345,4.9213406247862,336.27970707624337,17982.38725646974,0
5.746529194455349,3.808372006211507,354.1744374501004,35633.268510737624,0
7.036752103833548,4.699120987045171,332.95629802121806,11125.443536741795,0
7.036752103833548,3.941073832069612,482.8469391319597,25253.079062408437,0
10.258615434291345,4.416183694491997,393.18644622133166,11848.22826962888,0
8.966835972567804,3.6543549623702583,456.4264885282397,16764.85476462537,0
7.036752103833548,2.27639196018481,269.3446352437425,5699.504942202689,0
6.848805452540466,3.13004476285238,389.63822785521234,20555.5595722516,0
8.861701556503956,3.5791072422859003,521.7741144719578,15247.128030884563,0
4.252985000876296,3.58830042034225,427.113755709961,20497.82222494166,0
6.729829903890115,4.724321913211669,521.8355248342821,23114.03183317369,0
5.924540482437398,4.224342508773007,273.44683817182425,44376.18738226209,0
6.783888467541533,3.250022229204365,477.8546872578033,13677.10644058598,0
7.390896678654897,4.32513164451923,553.0576632213979,25574.09172142843,0
6.470151959152821,3.12539111192484,524.9097809286852,30594.28067473661,0
6.930391469669391,3.6997960364086304,481.7375593111379,25780.05907700056,0
9.302441187910585,3.6759854978305095,367.89756289774266,5230.630429801216,0
7.421997644251864,3.6036095808461335,463.29691392023176,15772.65316965401,0
6.583064855827969,3.772858553084088,383.12450352000405,17977.69393789565,0
6.204429354069558,4.106807505488429,552.4627918140325,35439.687840102146,0
9.066628053764038,4.055421250793916,496.1614523919844,22710.458374287573,0
4.713116701054447,3.923356035619532,354.17018130813824,20070.56779192111,0
10.258615434291345,2.966945650593862,497.1691281404874,11298.450090961083,0
7.5742612367877715,3.6867589826723,433.6795425189589,8672.527773400137,0
6.138785151951198,4.677289618268685,373.8436198842412,20129.97881979117,0
5.276323544024682,3.883029041117391,312.0025326122228,42063.87440465939,0
6.776879087805668,3.322065006530626,420.3573923778055,19663.791311949764,0
7.2394159210992495,4.531825294993109,494.4169099336764,13911.826629262703,0
6.552279123020959,3.443385018883295,353.06365905373696,15362.452383441234,0
8.40876623110244,2.372791476751066,555.5809780414642,27662.3971005681,0
7.986398705504575,4.814779190766616,477.668835803867,20447.49013156478,0
7.3669152841286385,3.051316562922508,336.9568673447205,14151.760083229845,0
6.062738419015513,4.369454696832489,385.3916190709158,25842.581279366528,0
7.856471100461379,4.534681098281898,432.0431197634572,5619.135557865849,0
5.158396409506499,4.645852434791949,331.5867257915919,35086.39696295499,0
7.036752103833548,3.4583200005897763,406.0147938783555,17439.444060922862,0
6.39908051004593,2.6205380227279225,452.9744802793642,23037.076832776307,0
7.394255556132569,4.26319277247499,392.4966652745759,29917.820209044952,0
4.443850856498079,5.038118946233022,533.9686469612033,24070.263650635432,0
8.247148271309296,3.941969260461584,302.2004960220483,9913.963345655571,0
4.902158988606676,3.499048522914918,375.0363685009956,28278.78927563409,0
6.86313624993993,4.319777194854658,439.2296156309026,23610.517563168363,0
6.6695323796655455,1.9648630966312208,383.2458249968398,16246.173191143023,0
7.595669983691271,3.403393176535209,452.4457460335967,13486.142191111216,0
8.16307638255827,3.287243970810318,475.2964708257298,20335.676509585464,0
8.870278259927936,4.18274066496293,355.47092500991505,16854.129457255585,0
8.769676021676739,3.7767184616875142,369.0166667859881,13969.438862550478,0
4.737391256802652,3.8533880722545097,313.51350201495296,30684.211642415037,0
7.790874862321438,3.076214340708842,471.5185363734346,24061.349595752938,0
7.036752103833548,3.241267186661132,369.2838638747586,26493.07620652817,0
6.087306100000082,3.666671803251088,344.0720281513272,11628.336675478404,0
7.6512942259202,3.2580416465868867,420.8283621868532,11699.133549843924,0
4.771490668948941,3.936972573012225,310.9278352799708,44831.86987314956,0
7.036752103833548,3.4528218640874533,509.2848687676725,26913.373485751392,0
5.39205760659185,2.978925444705386,419.81395600739535,19900.407837851708,0
5.477283049476333,6.091233163793407,488.7745947823073,29046.083515231163,0
6.364155674065816,4.764412041610866,432.1943572726645,22958.0099928107,0
7.036752103833548,4.863377535184865,538.6218031101072,39942.95389779411,0
8.347949482501885,4.217861430575852,527.3808709541483,13533.230032975182,0
6.615981651666498,4.63570912652134,383.1220570399757,20919.051434180343,0
8.312379503092345,2.988093010442307,543.392988344829,8727.247349356963,0
6.836224938677605,3.666613685710395,390.8049552883856,24293.172662812045,0
6.385470897689489,4.681716653309846,422.0677005293167,26756.91799981906,0
6.490037174928902,2.430883294085322,479.7861954284083,19397.323888893363,0
7.036752103833548,5.284233272110425,479.0560337017452,24873.622781133807,0
6.64884918609138,4.827527398066652,257.7041794322704,30733.50383761234,0
7.036752103833548,4.217553378155117,572.743407158898,21174.40848046621,0
9.323583858284508,3.006650221855861,399.7737042300347,15751.175300296723,0
4.58196872788087,4.500207624732678,406.3823779740672,33897.06820165686,0
7.884841993204571,4.631640754077167,368.77089370676015,21733.828043581638,0
6.168838539281275,4.435760073378445,482.6733272625631,24827.51664087316,0
7.230845306553176,5.622018080855884,367.689991785902,17864.689385537968,0
7.036752103833548,4.071343675272809,553.4940321982864,3900.913891731133,0
8.693104326309328,2.8982230607674366,560.9659101723107,13283.77805343001,0
7.036752103833548,3.2316796925242075,286.7944316111977,32981.23945648847,0
4.79746018165997,4.038502789352143,357.4361933794983,21280.246558722727,0
9.319176393077573,4.129230416389857,338.44144996454025,14294.240349959267,0
7.58168757744945,4.457282487105634,617.8835131421284,11989.2462425416,0
5.348213658597068,3.3111681102507315,371.91064735605113,11797.920916457138,0
5.487876362610197,4.223576482290001,510.6093850554352,20162.01861786685,0
7.036752103833548,5.486132309176686,468.05171474869934,40710.524385742334,0
8.31595907145097,2.760212573568241,501.6739825863527,16123.304450528043,0
8.55107774771961,4.046379690043383,510.89500072429865,28909.29028415305,0
6.013160966461117,3.455622540984072,444.2766349599716,21573.74757111393,0
5.744067537432683,3.1716552079647324,336.06180305762905,28391.99818542178,0
5.218989651481935,4.383942553936008,422.2238018334672,27007.8869057916,0
7.036752103833548,3.3583534546716933,446.7429748194644,25959.613897834544,0
7.4587076827919985,2.938082397276258,442.3681430865993,10513.2967812211,0
10.258615434291345,4.178897908640168,376.2319179250843,13124.105636341585,0
6.729580190108561,4.003458052258935,440.85943483462125,17975.55322701793,0
4.150214299745359,3.502370872206418,425.2500464971023,41489.6398141628,0
7.159398310953257,3.254926496664732,530.5264113279316,28954.801012055537,0
7.036752103833548,3.662648159726404,446.4223567483664,13927.002506501727,0
6.209697436775356,3.893766831260585,549.2767282750748,22610.768713435307,0
7.036752103833548,4.126407533121048,367.758689247449,10490.838986806202,0
9.608533593881912,3.042796943791497,328.90449423468266,4544.841717583644,0
5.375895978926893,4.174219639817962,493.8884637727761,44831.86987314956,0
8.697122159630041,4.180567592572657,393.5557957093136,27752.000239563826,0
7.748928548486438,3.13694500654802,368.4028571359746,18939.93665488096,0
7.117917746068107,4.213567957421265,331.97166097165444,20067.572788819743,0
8.31002902004885,4.775784922040909,365.4312124889024,40936.15339124551,0
5.5242965308965095,4.033391217742071,475.34227152384017,26220.174214138155,0
10.201425755101072,3.964449588219743,331.3789519350312,8918.892600033822,0
5.3681257542274565,2.0041425861250266,435.6664691770236,32619.312974501037,0
8.937802407855287,2.831234425504209,480.3202176564735,10562.46053906748,0
8.12420782636168,4.72445657765958,431.62567719310726,26489.114701279133,0
7.184973118804081,3.665410662111125,384.0115576156745,25234.427972105485,0
5.49948928649166,5.8468269575803085,442.1670062352971,13902.968646212596,0
7.036752103833548,3.371680094416703,324.99782435818423,8904.799817878542,0
5.319769072934949,2.925732039706137,399.1190254238941,22390.79556563065,0
6.369111631336883,2.275903461382081,357.4172847663841,34456.80113231408,0
6.733493842280846,3.178003604766868,397.6849857048673,27430.441731073523,0
6.883015402442057,4.102291769099022,570.424258610733,14298.410462069063,0
8.013516428610775,4.4449005904963546,382.0142488688159,20375.66827369424,0
8.27205509125987,5.140207742689406,500.68487324886775,24196.522678757345,0
8.746985976471965,4.7637305356972295,407.3808248759786,22174.781140510226,0
8.154840855474227,3.696327574847777,597.8700731609196,25620.771365199776,0
9.045720545334614,4.213700443947227,558.7478629141496,22829.11084206941,0
8.922409558967978,4.081728016204542,468.5383258139995,13291.92260936976,0
5.96130157218858,4.91958504678586,567.5261592301338,23926.078824959288,0
7.036752103833548,3.651864698731579,558.9538725719827,20113.897568469984,0
8.184410006452293,4.599082200140892,363.23575563239353,17944.852375346727,0
7.636454091471839,3.332906497382808,514.9640600608643,18136.26158474806,0
7.7753855932769635,3.3094717160131584,301.75347653703744,15704.482092929533,0
7.617148870829691,2.3915400059994005,329.0166463536928,27080.26872221177,0
6.664934584402665,4.502138213738983,412.30858785515295,16477.350806119357,0
7.036752103833548,3.855772963661712,404.12015243193406,30646.815275421894,0
8.81535795265852,2.875880180472337,430.4068942916542,26780.69178733168,0
7.765635561977197,3.214449639874844,355.99802591894985,13736.342035671105,0
6.225152012969118,2.770822652580127,380.1147511485802,29533.608826117597,0
7.036752103833548,4.157927298303721,360.4684842117428,15893.67441054203,0
8.567043820038332,2.8049268236561344,490.51253888233583,23683.110189971605,0
6.994194675250799,4.398900709483949,369.468072066889,23027.385262019307,0
3.889106956840228,2.57514103097745,485.63114780716086,44831.86987314956,0
7.036752103833548,4.565423281976806,412.9792013051188,20063.49032717225,0
7.036752103833548,4.344804944234699,397.2628256932218,21762.61414587793,1
7.774468468846811,3.8910973336994905,288.068577690003,22316.398283637125,1
7.036752103833548,2.959749614118373,559.6293401265502,28894.476969921525,1
7.2034388489879815,6.091233163793407,437.3708632363272,22826.484697453987,1
6.150487600902442,3.551655811015034,354.3925258525227,6342.502842776547,1
7.036752103833548,3.9592936152493454,315.7509090103922,9660.658301980391,1
6.767523658273503,3.3002534975545297,334.90537583271,21162.72673490324,1
8.037430326921505,2.5062381267412426,392.9012057483384,44831.86987314956,1
8.177174973797975,3.325638985632972,455.9274998998167,18626.1493120285,1
6.744799074889901,4.86854263008631,544.3393171362823,20215.69751694188,1
7.603775446495936,3.5849850237337204,321.0690740723777,11459.62244497658,1
8.546145555159878,3.505300168213539,413.3215995216606,23349.485416834144,1
5.43251208523776,3.8744253151616057,448.8647411014512,14970.647243569823,1
7.71408935995488,3.1825828574638706,347.82920330934246,27336.962623971183,1
8.154531511065274,2.460464866914837,419.1733119911466,21361.19705285079,1
7.036752103833548,2.977047400244634,414.8891302666953,23094.87239357759,1
7.845879929236758,3.667154204946097,510.3056029860773,13769.860237879824,1
7.15642449459831,2.958414711590032,448.4571606938775,27025.206963024637,1
5.694694238027413,3.870610799553027,477.04780681337536,7998.67451117685,1
6.707685556382788,3.8226687145376768,454.7324100176898,17435.340205976172,1
4.77522195583692,3.2230808645202327,526.0676510079783,13978.172660188484,1
7.036752103833548,4.387208418499805,295.7570531503065,19947.434474507278,1
7.036752103833548,2.9997023209082743,318.5366328698039,17537.98961580656,1
8.501711439023032,5.612295662106835,393.17668125098567,21289.179593409237,1
7.741245058636744,3.7411433659749633,521.0162605795932,22824.699465157257,1
4.18749081481174,4.592959344095949,264.5080825120705,21809.709834295947,1
7.036752103833548,4.604724795804473,369.280428971705,44831.86987314956,1
7.808012211560277,4.165549905534822,590.060545946643,17037.725367080428,1
5.895948983187193,3.659652967576408,531.1691008772798,37118.25543610952,1
7.269652252805362,3.789236756581051,506.0101352324282,31161.36838769933,1
7.036752103833548,3.898915859529646,284.0179948359197,12036.643043583255,1
9.48960096649994,4.300694899087454,354.7907411559858,40032.41400480899,1
7.457979826928165,4.497730795590356,482.63717983915575,14733.458757085757,1
7.992320364236402,4.342796788042317,522.8880540200298,17076.663788674756,1
7.746343115356286,3.678686031235552,457.0141209266236,21670.59366334191,1
8.275795629701165,4.721339549520147,351.6313150451818,22013.96490500964,1
6.879959452149452,5.688206949361446,554.0451045000362,44586.81265100216,1
6.799375518361883,3.8199853771647767,373.23213734140944,7986.493239056313,1
8.16776766297284,3.4106855396131177,605.4588933746072,36185.67853808146,1
7.036752103833548,3.2616513991274934,385.8278293480579,19692.464393722068,1
4.736404607451753,4.995601765994129,508.8203409236178,28698.72996489867,1
5.953923889741049,3.9686471632564224,350.9686514573219,11930.6247945518,1
6.578998162273409,3.690929417034364,408.19501451258856,22389.38048560545,1
8.775485733684196,4.393944466089358,480.71520782815895,22113.391452033964,1
6.8503020324159625,3.0802967096198777,300.41174395019243,40588.43383077968,1
8.757110512347623,3.808793010243389,408.0957972423192,31040.88449434861,1
7.036752103833548,3.2425454482885505,383.74788340648826,21687.473454293264,1
7.036752103833548,4.0058929921265065,570.3787653197973,34383.59763883363,1
8.07327895224373,4.854312785522253,432.89874892549466,17106.43864544954,1
5.07827417522148,3.631042313530789,528.1562512089131,18125.638398024403,1
7.444914014951037,2.571391505704419,405.4206121417574,25489.075025583825,1
9.434005874654105,4.2010543638879385,476.8420108063207,20474.820823972797,1
5.90590695420357,2.9172840562365963,337.8582635986253,13464.487161770325,1
5.803496975764156,2.1817141666785806,365.4776179894939,19451.767602835265,1
7.61715192193207,3.4225434306886307,327.228245131772,33744.16680696547,1
9.00846433449955,3.911014707443342,387.3997714146052,35021.77409654997,1
5.422445767908819,2.911751390260459,382.0801288333403,18542.9574510298,1
9.778181812741442,4.143365318508068,356.543036820507,23335.674206132684,1
5.204938762890717,3.439561018542137,404.0038880461103,17818.39448925992,1
4.872560878371032,3.9180057985839225,354.39060427526863,16960.434630635733,1
7.793914804354769,4.220027670860785,398.4603115991678,25506.91223714494,1
7.036752103833548,4.081328787472204,354.4052784934516,2808.025755679448,1
7.058182608235123,3.61383477061922,462.31456700444886,26608.929154106638,1
7.890354273534902,3.209588058451998,344.55061925335406,32160.533923449733,1
7.535700190571214,4.208354353518171,583.436487524029,14829.745970673646,1
7.202534415579847,5.702504528449717,369.0443258231596,11889.250632315909,1
7.036752103833548,4.398059122757676,520.5877359450662,27716.338723300283,1
8.722143776841188,3.2746286418408777,468.36745137041055,28301.516948548782,1
8.35263517558002,3.939011353106868,397.1149717089917,33662.389050318336,1
6.2843857911113785,5.030712169428622,517.1505477841016,18526.261690599968,1
7.036752103833548,4.052367137670618,494.40451055374274,28415.184346936385,1
9.30566048031861,4.485070146526452,345.6569351199438,39498.659289103256,1
4.923178856199699,3.329600783081267,404.4057627404978,15990.149227610937,1
6.143018479793687,5.370403410374523,475.4452677053376,34865.32463358429,1
5.744504157048756,3.5335001498780327,362.0624897925361,19457.639481105347,1
6.616649174874958,3.8817671783074488,491.7240649000355,17063.172107897266,1
7.623499920279238,4.76499518416768,404.5013685428024,36267.26665797832,1
7.860106421505122,3.499774683747187,285.22866098963453,34591.67814811829,1
7.393110152584626,4.431739047145852,537.1360548214474,13215.706381829836,1
7.036752103833548,4.641041336188799,377.0662856987264,24793.455675112724,1
5.579517092707998,4.043914692602463,375.2759694778724,13289.201652748288,1
4.303574607482778,2.010537157431691,412.8964036380488,7323.302300551966,1
7.310715695744376,3.5788263404357843,425.5328610356169,21989.767441159336,1
6.417702476103476,4.046305671849512,509.8196527449088,33360.17072164734,1
7.036752103833548,3.894061160472698,510.9446258266916,23614.7029612405,1
10.258615434291345,3.229834158576746,477.72337472018944,38037.35307442267,1
5.036453976008759,3.534665425189356,332.35971457509453,29258.738135919622,1
7.036752103833548,4.318271772600726,440.936823858057,24590.125934402447,1
10.258615434291345,4.209136505059297,491.5167115090336,34535.55385004349,1
8.41860665004133,3.442847819687195,546.7909944376429,29313.78335293502,1
7.808641136495527,2.4727203251760423,519.8629914995536,15694.507193849424,1
7.557963629790507,3.2922701527035314,277.23415452450695,32833.43116851585,1
10.258615434291345,2.9299527394001954,336.4466547717247,43533.65784534446,1
5.728823779303805,4.412173550093767,445.0696363241384,12932.590386218995,1
10.258615434291345,3.804352132029541,455.7438445846984,26453.003347820293,1
3.889106956840228,4.62068558556552,410.69418303363074,16929.290199720523,1
5.71625135415621,3.433135384725815,502.9936866234463,19393.46986193756,1
7.036752103833548,4.536122682223924,479.9570762900436,30430.21175215331,1
5.473603398247983,4.9578222414352044,472.79683482311685,14608.363145319992,1
7.036752103833548,5.11386970579597,535.0863948480063,37861.44001203971,1
6.770926884040844,4.910533820344201,475.5489600577624,26880.22003988432,1
6.043360083711829,4.74524751697268,355.0074611564549,24856.607107211305,1
7.036752103833548,3.0938144500611764,449.951082803025,23572.15780201952,1
6.320427822952782,4.553380742681595,375.9645577508962,11682.229317057963,1
9.185417502207793,4.186674617804839,534.6984327571197,18073.96858893089,1
8.684778671525315,3.8773491849022137,499.2754008212282,40799.36032812741,1
7.961721463165571,2.2869434947281544,451.808445959799,11551.21568041736,1
5.484151253504955,4.438858459911646,348.39903329041096,19378.35906721423,1
7.186931122348115,4.275645348013285,477.994991794408,34510.75299526274,1
5.470802484400142,2.962852429032913,317.9484586249376,18295.37092139286,1
7.036752103833548,3.843405195850602,383.7949027723084,17382.42736561254,1
9.792727768555451,3.729120401580513,413.1554659517622,30249.170845011024,1
3.889106956840228,5.446565702616764,509.1503233017944,10102.489720279777,1
7.06478908142805,4.4016278345277335,655.8791400416264,20567.145930368584,1
6.632031568588184,3.3862942904685025,346.8604045432206,24161.25497902576,1
5.913956687853429,5.648605948542045,283.4014061798572,13086.643934398497,1
9.484703254003293,4.13227423789269,480.8480634739415,44831.86987314956,1
8.447404488438133,5.218307110261475,547.0238303166198,19583.05734941433,1
7.727421140658746,4.601802090002829,328.8541690388659,18767.941634604955,1
6.859323725529028,4.501980014505442,391.599708041081,27567.375669680983,1
5.846786697496672,3.371110880826984,393.95282049659727,19417.76720851864,1
6.30000176658891,3.7094371813849474,485.6724564667838,40682.14399780205,1
6.64646992248928,4.387601741834642,339.2087033421608,5516.874952577377,1
7.31344675557596,2.2206399231442355,436.5172742085938,23154.062319200497,1
6.572656388857353,2.8209272493496207,343.89524175040884,14598.951912764807,1
6.002414611941971,4.315308015041465,336.9141570845037,16136.433268527604,1
7.036752103833548,3.624635249622655,337.1910833477874,14101.869291982675,1
5.93605710996818,3.940282339037946,323.499231250292,18061.697568169104,1
7.591089848316611,4.531196012957704,517.2033080678149,17444.671404003187,1
6.875746152392153,3.397302571603791,501.6059819605693,25422.33854849112,1
8.016279103360878,4.308222881195557,491.0790820972671,14034.485798658789,1
8.783596632026194,3.4708854235987814,324.9370292078704,19471.465437595816,1
6.911698241358011,4.616641008449857,298.5505129767719,25612.148912339955,1
8.71924020683575,3.912836036583348,289.2027406389721,17430.919719636913,1
5.974583248480268,3.721974696238987,410.80413207222045,22543.25629244579,1
4.4293787345323405,4.271167637481616,432.10793455422026,8746.901717120361,1
7.036752103833548,3.8408887616175593,391.8209641138389,30211.832990855128,1
7.036752103833548,3.19012777090997,508.2627538605141,10117.084438084974,1
8.215123506909467,4.511384048876486,344.9505839233056,30579.371066591422,1
7.828740104752374,5.199446635796848,290.1186125954208,33337.10964943294,1
7.949964794513219,3.3171524499122014,406.61274295171984,15171.012325667596,1
6.114332051439626,3.680409990337341,472.2554031188898,30606.22359320889,1
7.036752103833548,4.516869764126983,392.5582048839587,15380.12407914492,1
7.139428272590956,3.771596492148276,364.5231509291738,19862.811257398145,1
7.036752103833548,4.314495017031872,477.34265616964944,20134.398340672,1
7.96852586987492,3.173879163212596,455.8404279578049,27008.01187446905,1
6.635894308187562,4.523236865678159,412.5829888313687,20339.01686990398,1
6.394548022914309,3.042496817945847,515.8063854323804,31620.19078558264,1
6.280978206755163,4.599432013730158,456.54394505538016,25972.80375060046,1
7.992026977293408,4.647095594485686,543.9491408663416,34585.0896069508,1
5.068795502073682,4.362085653052907,483.4420180175628,22781.36453356911,1
7.036752103833548,3.499453074211392,527.1986749763996,32768.22796617652,1
8.151248961954652,2.7998833209288145,555.5902835214793,15661.940335043397,1
7.582941676733986,4.164028619351949,518.0485235245408,23072.780698281265,1
5.344116870389696,4.104698560797167,591.3633685043594,13492.840835026833,1
7.871961402750839,2.93853628710008,350.82691627921486,12760.437150795751,1
5.3270235340963366,4.85582125104602,438.5534986637445,13580.61848288731,1
10.258615434291345,3.951304462604924,566.3793974220303,32150.97939283285,1
7.036752103833548,3.068919236981341,347.9866863781916,18085.15884117502,1
7.471026670171208,3.707974079965065,401.6182184387207,15736.580985502496,1
7.94388247715476,4.111691344532814,353.3364843492816,32071.17936938363,0
3.889106956840228,4.650033779162522,377.198272952684,30204.546735065484,0
9.13569425989131,3.281802195770618,562.7714670568232,9496.91035373795,0
5.2140091940446665,4.453525556196591,380.4284147077699,34184.30840188933,0
8.64953494696306,5.229809192531628,410.6250980041168,9898.022208564938,0
7.756678950252448,2.8424707084630283,320.9309662596464,22440.40104062623,0
7.1042952035253055,5.464856803369509,447.03228859835735,12691.515972674924,0
5.363362645369775,3.871372488778947,408.9225167906893,27045.92995790961,0
6.582499747201653,4.152014126960154,458.3627329150158,23720.48173047988,0
6.810466516571186,4.402339512540909,340.0300885558946,32602.340084234176,0
7.036752103833548,2.37292472175806,596.7510259112656,12885.516912011995,0
5.574116594512444,5.152527697942889,538.5325177764771,17546.40325559531,0
8.555283422607033,3.687152067632291,390.94308867459887,18337.46091630916,0
4.483402760935388,2.203840523502365,413.5450472679064,13122.223421559383,0
3.889106956840228,4.4022441460051605,432.4318223356543,20384.77309637123,0
7.138374316854361,4.144872250700283,504.865692804048,22575.18857693228,0
7.036752103833548,3.2101680887198576,366.6695124663135,14784.755660612993,0
7.912361028113824,2.878515630522547,594.8992901292464,34808.44277996819,0
7.036752103833548,4.217743744931683,468.9393444824816,17388.98256489996,0
9.128357757690482,3.762222688560586,371.4823076467707,10418.108344794638,0
5.271971377729756,4.119436474929048,351.4802796403318,22005.43655000613,0
6.46509352906692,3.790523693182784,544.6005667202863,43958.67812954904,0
8.24518659646861,4.125731794026834,423.73678433827496,13909.479065439597,0
7.036752103833548,3.5020815041262328,313.3618702572539,18128.90829119972,0
6.704791892183704,3.806596292463485,455.9726269963534,28140.76815451146,0
6.430254785956541,4.805791533619516,418.4194714971776,26855.105610647905,0
7.48279127635069,4.09474628637336,475.2114604830603,19621.32510547916,0
5.504452320660907,4.657360934464802,537.5396091372029,11950.235031074297,0
7.521920636411117,3.110932391139892,603.0549558574759,20139.430347085523,0
7.036752103833548,4.5593366423943165,367.3898111656868,9344.653322307506,0
8.522567732718088,3.358284404886048,346.37459763742186,16446.32805026565,0
5.69447554633745,4.107467119295052,448.7541507795935,18742.925222389797,0
6.934503590060883,3.875238036589964,435.94838605718,15323.40882188845,0
6.115180039114616,3.6908618596006346,429.70668076734177,24699.52390299096,0
8.575673021827997,3.506229064263776,464.7255668404904,15888.625206780936,0
5.689142987663644,4.592979951091307,345.5363659173595,17589.268989836506,0
7.036752103833548,4.059377403894223,257.96315421657613,39927.73704499611,0
7.226127199808895,4.15355890079017,624.2299006465099,23129.74805552755,0
7.197795991543301,3.8440132867950574,566.2506937095443,12763.267889422756,0
3.889106956840228,3.5842019158558904,655.8791400416264,26895.25795550062,0
5.896339345911832,5.0328549210101725,473.6866933123849,17420.08714873037,0
7.036752103833548,3.572343821947975,334.16606087564145,43846.0252659028,0
8.326349854410445,4.395284862710226,569.1032944958848,35477.76664346936,0
6.891561654773667,3.5619625718994854,436.927095743398,26240.49298150088,0
5.548124946933236,4.599235865233297,430.2696636784811,34006.76874531331,0
7.036752103833548,4.316063250218271,491.7281423035847,17092.22582658762,0
5.3866379619568105,4.32090017506474,525.1234712711948,20416.6510300176,0
7.262534651633063,4.846359371825784,332.4252243440537,38713.11269226301,0
6.2570857911396685,3.994713696692633,422.6003746669102,13826.257913969886,0
7.025504334993,2.941555122814548,442.4055401716919,21884.5385145885,0
6.584839333204741,3.919954569326576,304.7136645413463,16609.92548912884,0
6.565633547125035,2.7709484970749205,393.6251725395316,19044.68007121265,0
6.622102936480842,5.2909207163820895,264.2839333983375,16010.524152308772,0
7.217392780568977,3.7466198236682153,421.9635385468848,13579.55457958598,0
5.253907429487342,3.488372513803507,395.7132588228637,34793.85330591925,0
8.131375233569006,3.5428107484612554,450.718334082662,13238.070297753016,0
6.61977546022829,4.086920566839482,431.4300870043796,11388.534186913772,0
7.036752103833548,3.293552630526708,510.4878798366721,18752.269677035554,0
6.217255306949025,2.081425020190486,414.7710169231197,32911.92971677305,0
5.019984766789215,4.089485428098205,341.3571601544774,19272.704480952856,0
6.907379614971787,1.8487974931046152,340.7049784474409,40290.22163641817,0
6.3131147318719245,4.126964595932531,387.9577161705183,20849.19073737675,0
7.036752103833548,4.397533101212234,392.3537323196529,5075.269201855393,0
7.293929250131249,4.403250064507214,457.5204429007732,15823.339374460484,0
6.630363820304997,3.4905875728160614,330.87608284254844,30939.023213783217,0
8.015780395152742,3.1805801865505683,655.8791400416264,12135.72493031231,0
4.249890379403849,4.116347641066605,449.0515158119887,16073.67061950872,0
4.265269639731993,4.900446069054143,300.5479287887852,25634.533284034696,0
9.266840595087142,4.330049468785837,508.28334965083775,20478.78595670459,0
9.619456625659463,3.1731997673200087,387.3302153702924,18185.050473402072,0
7.086877325565761,3.992848210934416,548.9177180123194,25524.82346989246,0
3.889106956840228,4.104938403453945,412.91553856427777,16318.733613509214,0
8.436759028788977,2.4999101346874286,575.9370182227921,44831.86987314956,0
10.258615434291345,3.533243424589728,347.65305379748094,11318.14056257282,0
7.343031939773171,5.288057553828615,479.2414672033002,14037.039926614125,0
4.616438934449231,2.6343410214254592,344.14632123276755,14982.30547703048,0
8.307462969006558,4.625729241507733,464.9009848320303,18452.645570929,0
4.909640554437281,5.345323940025499,311.74575705391214,10488.770936593655,0
7.709106359864045,4.235108119828695,462.2011628542471,18610.124151836404,0
7.036752103833548,3.206995482747466,366.7187056845937,26552.97440098385,0
7.818274839301502,3.329243165850729,359.0991899954832,27558.5425325701,0
8.207458912656827,4.151865853005895,449.412605665234,17447.994671902798,0
6.958534137481001,4.194600000110389,350.60343122456203,13457.211128838786,0
7.036752103833548,4.297913885824022,447.4501082256909,14936.503970693218,0
4.349439999351715,4.442711502259796,432.64230696106,24352.066099112355,0
6.629985035787515,2.53449947794664,335.804710239529,21495.537557678614,0
8.969697389596341,3.983098817989866,378.52851122469855,9049.682594601836,0
6.771050289732039,3.2448668321310623,441.7303913836519,15719.493609488409,0
6.724639342026933,2.9214147722618398,463.8852158823095,41552.01966435573,0
7.036752103833548,3.4396233538018897,355.7819831654812,27979.736222254724,0
6.967270763874334,3.2724707390406103,438.8091549637178,33933.70985203021,0
7.036752103833548,3.2328721157393794,355.87930088255024,32617.124603587585,0
7.053116739303244,5.671998849860188,377.1881249381013,19500.34998335924,0
7.755154226534814,2.728799591724234,338.43062388607643,19024.68867060883,0
8.580008559294866,3.195591056480895,403.5966313898296,6493.547256349771,0
6.901710202557188,3.0356705967120168,538.6207869603159,10323.957841371875,0
7.814250246965275,4.10466196258988,516.6468166551115,24470.204256335892,0
5.918953546438134,4.265547138587628,386.2180718296084,9712.56066397662,0
7.02129530579393,3.675557955645053,459.8998900269752,23109.854231093865,0
7.036752103833548,4.893750991721558,547.0267663209369,19887.76982585297,0
8.132736965065675,2.9694339207381235,472.27702558634405,25838.12848375008,0
6.057068041253538,4.3717478538333525,462.006169573346,14807.26848996469,0
5.343075102966485,4.240031707717554,485.95971744569687,44831.86987314956,0
7.036752103833548,5.444927203736903,385.3358042030552,11398.731104759814,0
5.742533062882013,4.272202758106124,435.2347265963338,21293.8897542458,0
6.584813111444327,4.404132196402706,414.3507509455295,24723.10629585122,0
8.070477126886109,3.05579047450667,376.71030372678666,18266.61771666431,0
6.652824347726776,3.661529274018269,433.8752091433009,19155.727560817704,0
5.506061504313135,2.77890595094447,453.88334046653046,21543.726601097253,0
7.036752103833548,2.4325072099122917,414.10156657400273,36112.13463432474,0
6.441766486400109,3.682134341416014,544.3541824633705,11306.261505354383,0
7.036752103833548,4.894842462723428,362.500414204749,41461.31699893496,0
8.248703054410829,3.5405320044112223,415.68344786117706,24912.87970547044,0
3.889106956840228,5.506934431690963,429.74642958279424,44831.86987314956,0
5.664845758430077,3.5702904563752726,335.5055210397578,18678.950810888608,0
8.999498939207154,3.6950840554277695,444.0770167050374,20933.512749666126,0
5.588537190733878,4.373998580206613,466.4454293513386,17732.240668204682,0
6.265637343836686,3.266028668813291,499.6046290174912,18711.064662136807,0
6.922041828080885,4.24294721566937,336.0464514806999,16515.87216586344,0
8.07261240298569,5.082206246764563,559.1675739231314,16843.36392740596,0
8.82809437489545,3.793317686196644,486.8632669355406,17699.610609435225,0
8.647454007366981,3.62410065900245,489.762798891587,12995.8854274784,0
7.475536901699288,4.015574262293539,477.2350530641551,31359.38645566344,0
10.258615434291345,3.00009623919435,475.2553947210844,4111.7854317957845,0
6.453064802576986,3.440858801932284,371.8827630574564,23129.460177853423,0
8.19221015591042,3.4892830784252853,455.0153107798511,13528.549382907817,0
7.24770098178392,3.3199526784805693,558.5264708253753,31561.955530209776,0
7.893131972748397,3.302211725136649,303.87879335307315,20526.049705420886,0
6.164449535585496,3.446401194343092,371.1675083738075,19231.68174921484,0
7.9373922001148784,4.270851150129203,316.0224661175924,6626.376425713154,0
8.28112065517672,3.6879950644168336,459.86551182829896,17995.405219186912,0
4.906491592988376,3.152344905007154,620.346839846718,14786.138900892767,0
8.143483376311869,2.572830422704593,427.5452192006416,10673.582673737048,0
5.117913529014625,3.806700492212365,369.6186164913385,26215.40110315091,0
6.449070008905474,3.331549948055922,397.5070551476384,16906.33129806369,0
5.613562647017462,3.465088675725583,341.5236715512083,16615.908152421656,0
5.754212967735088,5.920233914738748,495.9453441622583,31871.291238837573,0
6.906574998425876,3.2827495033578318,306.02397473517414,15201.339953843984,0
6.336267097401388,3.7457248858316174,398.1818843774973,29342.70975589484,0
8.121253675568507,4.428311682671342,411.9869872126813,25412.70974190389,0
7.036752103833548,2.909606161949619,427.8969072501079,11275.872655429052,0
8.935115926023162,5.168297807945807,413.0048441338647,23774.25827922927,0
6.452780750232393,3.425065096273418,353.8976700893391,22034.95459563846,0
8.458814661984784,3.50770853604351,636.2577547999041,15677.970686429557,0
6.930082548200621,4.14941370966986,473.7955537368353,22802.03992956427,0
6.255070000817667,4.19419987356962,482.01979921898857,25456.274976652392,0
5.6698187738947805,5.600458570901245,361.2384795958904,27244.63446956515,0
7.945407486586083,5.428916724171895,392.166087904766,15938.28643912909,0
7.499844231952879,4.454476672661552,484.8433398184718,23707.46530424464,0
4.6955161408056245,4.641738490616048,512.8418735540889,24767.167109109,0
6.710633528014908,3.863286908993115,455.9675579944937,23748.18399201374,0
9.502856746233924,4.237345251715119,406.3098541807606,4466.257487680507,0
4.405327146952358,4.086867244525168,424.2511620728434,15039.710405983977,0
6.810344849129398,4.115695843709358,294.38391409515094,18852.12297879637,0
6.983133113060967,4.426982544371995,191.64757856456453,17503.31222978757,0
6.968131312926198,3.030823583308678,459.1766823348223,19207.31177118536,0
5.76255224970805,2.9065892123963133,449.4353758592738,22159.018072587096,0
8.397248095971374,2.8357942842945434,402.46490555321736,16772.226246243372,0
8.828326657522403,3.052822147979249,338.51245900048895,13527.989885696586,0
9.39584220217389,3.5304983249278665,451.5246290062903,9225.770910795443,0
7.593176933452913,3.54209264375375,451.211448561067,19214.186356768685,0
5.149133288190244,4.839176157668723,303.333632377947,16795.31867435868,0
4.916740541260801,3.613212411606139,316.422251309072,23425.331315980828,0
7.036752103833548,4.174568875723499,492.35206101337496,24518.57429735909,0
7.37128987660506,4.084696775133466,298.0530572539995,25672.311996021173,0
8.278752740755206,4.767722384161327,456.4706728150138,29381.93640510804,0
10.202971547604776,3.2709037528479668,395.140783042147,21708.94928637857,0
4.562156482672166,4.822883763716862,401.5516566609056,23829.79288043376,0
7.036752103833548,3.893925990895262,430.24601010708216,29743.822595234516,0
5.202672012815987,3.9279805758489776,473.5484840274566,23051.44185713561,0
9.14973392673672,5.436819303585555,539.6250370863369,30468.64182648061,0
7.615556979306126,4.2431337337783965,311.17895469026456,8403.284552226864,0
7.813067624946343,4.713719499272781,539.6107974856919,9812.122463467304,0
7.721032687967833,4.168487101902514,424.9669947448051,35800.699273176404,0
9.056244707341865,3.319353736685142,414.766630759681,17403.53216686133,0
8.082657125491437,5.2471301485472495,508.1164726631864,21689.634297243178,0
5.848667070247964,4.874534245985106,482.4519329136101,33095.389596753266,0
8.470545998692103,2.9358019953242778,491.5197052913358,26559.380405574226,0
9.228581629853338,3.839185400473665,397.04312971906126,10345.399314574135,0
8.170588044761532,3.99585704919668,472.028285711688,12806.83232652992,0
6.381977105096429,4.991895990063802,525.0754779310331,20709.27976215453,0
6.989813770294979,4.808582691098531,326.58635982044206,20769.519635864715,0
10.258615434291345,3.577447459649983,473.8141914124885,8644.831046838452,0
7.036752103833548,3.5681965996986538,495.5131279462768,17423.407988916704,0
3.889106956840228,4.144780872709738,465.6301194498782,33431.671122053405,0
7.388518502791958,4.409053528240368,560.7747290451248,13921.146216729854,0
6.966835167879632,2.9574410713545625,382.4438627183512,12256.678286509748,0
6.703486853784561,4.223883710835095,479.5374968669223,24316.87514580952,0
7.1396712562776194,3.151388595083395,363.7677138375489,16916.413537349566,0
6.648793010019957,5.138047828184837,372.6869953856177,16388.405264965637,0
7.036752103833548,4.170075590262242,359.4494203333058,17869.455441116883,0
7.940713224453516,2.9901508910892183,406.1167839661619,10762.938632419344,0
8.228563824612493,2.7819441082828664,569.9348877833432,18132.09440069949,0
8.66569208287077,3.494032184477464,337.97282283225155,3802.4116810167206,0
5.064042459574996,5.122702568734235,471.178108774357,21035.10685521584,0
7.8943227825227344,2.865031442985628,383.0191013386584,11697.6069722698,0
7.042793877475889,3.965647066605856,504.9254660509991,16733.124102663063,0
8.305063984234739,4.461210732047676,361.69143675502175,8451.319110908964,0
8.26830759203937,4.405408198445283,294.2980647361996,13181.673516106885,0
7.036752103833548,4.133069338573804,287.5960624748225,25305.10293017566,0
7.397562417753871,2.4593368407245317,426.0030036036084,24502.155146145928,0
6.367298530432279,2.6147660596382085,362.7754392018864,11619.709696795016,0
8.410625565120462,4.3522957788197605,489.9043467157248,29985.249880596693,0
7.098245544161473,4.909571475286931,297.10649439357326,22671.47976122911,0
7.322502050459663,2.981649192437012,418.07551053196505,19534.42164849964,0
5.198224971294214,3.807318102819921,390.0656160436119,11178.40354379496,0
7.036752103833548,3.2365700434139937,337.89540547426407,20626.515937310025,0
7.036752103833548,4.754313123779171,489.8858713499461,36776.13749886943,0
6.280905112787962,3.0212889092957425,388.552620694231,16950.01590699422,0
6.823930137037019,4.016144075544785,412.8405064430983,13467.87978042004,0
6.629993518356908,3.1552136525031926,524.8833293724168,20487.92382540669,0
10.258615434291345,3.857851974842695,461.97928577438415,11278.829678470607,0
6.12319393539216,5.457830951249985,391.6103219267881,15135.127235774591,0
7.036752103833548,4.149483264789617,400.67960209642615,10540.342277807413,0
6.848033469174725,4.257037542698211,442.786266709012,6068.454884948079,0
7.036752103833548,3.14478972588668,472.2459375237826,44831.86987314956,0
6.411525835916651,2.2006782017544677,436.0564852545443,19505.296944750648,0
5.122648454950097,3.5045245337918667,446.71221913474346,17279.51374941266,0
3.889106956840228,5.3895102460791104,398.3701304504024,22690.2444040702,0
10.258615434291345,3.133838701697068,564.9028128454197,14036.163655600054,0
8.725393412154087,4.5655421540494405,396.22901020212464,18862.67305435684,0
10.258615434291345,5.227609397200687,303.6881065167537,18588.30332581789,0
8.174028130575552,3.986780704094196,503.5221724423336,19808.537766302456,0
8.034011916654261,2.452120806473057,490.821500120552,25204.674081703863,0
8.205541814653984,3.63403066847096,331.34556930168577,19902.823823816583,0
7.893818459458376,3.5085037127292917,398.98950036504567,16853.676327633853,0
7.036752103833548,3.266562403022029,284.5511731224262,11370.649169374314,0
5.488135468839023,3.6529914223306736,553.2872406359636,21715.774408674897,0
8.163074030614228,4.128193137247917,487.3183456742148,10494.573368799094,0
6.867000691245711,3.4841205736312477,497.7037750920963,14464.11554728778,0
5.8217069136202575,3.908198846408604,493.1183455683015,40009.72361003089,0
7.4518887792117585,3.930080761019317,348.9529033524058,15825.18257101378,0
6.898315040728939,3.822307139365953,392.3823256829381,44831.86987314956,0
7.54434011403763,4.435514109196108,575.9221716807676,17253.336739558832,0
4.103867855230838,3.8088506940726377,344.8695064057265,22207.470232223448,0
5.329938815249272,5.799322350328874,511.7051873083987,24000.523143797243,0
6.962993545041664,4.760381754960567,552.2730552697684,24036.59382679381,0
6.84605994179889,4.709374128291764,542.9970993819688,16515.670391024454,0
6.2798421834965135,3.278584410433228,430.322091892864,11582.505248963034,0
6.739849727999298,4.379630439452511,390.0465725578727,34702.41784804427,0
5.495035446034119,4.115428052361774,459.64217162082986,26744.301741742667,0
7.583770299043087,3.642289213931961,393.8776829935728,36343.40705514046,0
5.866702734137305,5.302972731364216,525.2137906966153,16298.00134677067,0
6.394980461331702,4.732002727289712,353.36541839326185,21051.256906654795,0
5.821261629656031,4.371078785200288,466.7832640121495,37174.00541355088,0
5.5140621851991725,4.46036293825241,524.5479748918917,27859.74830636326,0
6.730883601577178,4.359137363714963,326.3507452027749,22296.059652394422,0
5.198067642905195,3.295033859358623,573.1355323579303,37200.242064765705,0
7.036752103833548,4.654177334718871,271.3684374970511,9626.893206045972,0
7.362331186706085,3.933564969736756,417.6082144324278,28263.310638065785,0
7.066141840325305,4.127599072932994,503.2533171089432,22523.43356996634,1
5.420347746957928,3.75672017038554,473.2680964008711,25107.20862979831,1
7.015332582746869,5.2512231043193385,420.1368731132279,16351.22628667606,1
7.036752103833548,4.1386965672928335,355.53246958810803,6974.225134833998,1
6.044671753329083,4.914883755535081,392.20674143207407,13593.60001791627,1
6.1986503364476775,3.5741720224410343,527.0007955647558,31369.54164078314,1
7.678945067219358,3.08954964758435,363.9740597257931,20243.08819511128,1
8.06206612314847,3.0400314978062712,463.46164010252255,35381.67075872485,1
7.255798597493364,3.968177082539273,489.272160165231,32595.120243522197,1
7.036752103833548,3.4301673233947305,364.9564912534738,15426.915078767292,1
6.792407468552389,2.5056504406363977,306.11553927090324,28508.21692861284,1
7.368165576531881,3.6842633826061095,328.5652877634906,8524.874645571706,1
8.837786915479438,2.0870802171798366,514.9259969241641,11610.20794869492,1
7.108140711077948,4.015246444321198,259.96376259206005,23688.20522331314,1
5.289618437232331,4.5481003496821,353.7729296079895,21776.170174493604,1
7.169251038319984,4.533174154664913,507.0270059985916,39624.08717906605,1
7.695049437156064,3.198879005391032,297.6758765784817,11598.682367072945,1
8.693149900569036,4.687846798329183,545.2286679739818,16559.87726220438,1
7.036752103833548,3.0770348929711995,530.2483872202363,18113.0173023734,1
6.9997645107739865,3.360130677748902,282.502338129087,16078.459386211953,1
6.89792271658945,4.490105279441128,337.4360877112996,16616.51661653825,1
6.38231460426029,2.881370055449986,342.58144361480794,24259.751669473862,1
9.91709205694149,3.3933253802234224,522.5485530728815,37215.22683519184,1
5.609025353745414,3.354890147961576,443.8725582862587,26955.33018270648,1
6.277463093365682,3.12316615927887,328.68441961500406,22807.338851454235,1
7.036752103833548,3.796737486057354,418.47674153387527,15255.115257959736,1
7.714312671631406,4.425133970460173,377.9263683128556,19789.63607997825,1
6.351286549370794,3.707053967662745,337.0773485381277,22337.44839296724,1
7.958871446046477,4.007902612509118,389.2642157392943,26845.66101347512,1
6.618186566692918,3.79706786115003,315.1993932446135,13776.621791774089,1
6.000723335995511,4.176218742792006,384.7532975834623,21111.664104120857,1
6.392927840114371,3.2713388593703145,305.243600413664,21217.158595568453,1
6.977267851638903,2.3670413093414906,377.00039202666665,20287.35977041667,1
6.353436843717337,3.861109202341755,503.414897004023,18664.84429697529,1
6.019939994871649,2.747027112289297,428.6953307527596,20666.410142053144,1
7.330196876767331,2.8847150979192406,404.1959120807727,14884.339958152525,1
9.241338766959908,3.842577603866392,464.02548282268793,31598.536376742788,1
6.593174456619291,3.931653171254095,310.4359792618501,21857.83888934133,1
6.948265449383849,4.09561181325633,386.5820831639076,6874.586016391743,1
7.036752103833548,3.3648908816171703,352.2523276513618,13671.416030421902,1
7.036752103833548,3.5892516337236007,539.0065206523067,21093.2174086642,1
5.938321178779362,3.889500039861415,626.1287370599507,10815.399442205578,1
8.24955050895133,4.284831119370148,364.9311281421684,32898.74936773528,1
6.903816977786621,3.867843302640828,318.62262232131417,35455.70961215394,1
7.605674820650833,5.554074526332097,325.68369121664966,9583.710441307565,1
6.5892905009635125,3.181112063345661,324.59027345963426,34298.15294149107,1
7.511816641411975,2.285519928882218,303.10814585787523,15736.893958506133,1
7.301444654287731,3.1600748401136087,446.83967260296896,44831.86987314956,1
6.788291583178551,4.255948316623421,419.8958884537812,25661.360539469097,1
7.036752103833548,3.714469252576865,382.8477409283204,23727.094105198827,1
7.036752103833548,3.356977981613418,436.9274171089761,38119.1855684812,1
6.692531669059861,2.9421153671384173,376.6727942156429,37033.152091371725,1
6.028101118266446,4.080786271348128,514.545672099499,17150.10054999001,1
6.715940563939271,2.4047292060079903,349.0030699501286,17180.188184343613,1
7.490786675734917,4.354535490634887,306.3455625068792,26551.370104695576,1
7.036752103833548,4.32232533697766,375.7245185330389,41325.44354767345,1
6.336588682161135,4.356593856228123,380.4330193873439,15570.14232208766,1
7.381757557406792,3.3380217586877454,361.34249562314784,1372.0910434922284,1
7.256015038533906,4.534960272538596,324.2501475903347,44184.23045950258,1
7.0258217707497685,4.746091948559119,421.0999168971555,21226.665548084817,1
7.606880475374772,4.564460391989159,426.9859416742492,29339.929268453998,1
6.983860438979463,4.159566509149576,486.9705425699804,11848.769729095187,1
6.347020017898686,4.526350938820338,502.9190132295652,19743.14841649457,1
7.322828416616528,3.981968831838976,349.3132127418225,24682.124546316005,1
6.777506359435946,4.263180267696578,523.2417319701859,15228.912908891563,1
8.370364964619357,2.746649833830865,356.5198654775606,27193.3173775301,1
6.642755695262761,4.299209281102346,474.05749017326025,36505.52425763323,1
6.21758491448443,4.15016690975386,452.922024905992,15597.640883064318,1
6.630122155828689,3.352764605845478,320.4708529632049,36269.70131666216,1
8.051022203026939,3.767443125675908,496.906266181651,28338.66404002995,1
8.41608681704654,4.9300838102540485,444.56010847647343,28234.906857156184,1
7.036752103833548,3.743703735181629,411.47846097100654,24037.51049003736,1
7.933067691513921,4.5342330430238365,449.6856024311428,12732.888243247497,1
7.9176085954610205,3.784085381264125,291.79606717662153,15805.650152983282,1
8.942045991487,4.354287641189531,541.9154676754551,44831.86987314956,1
7.033945358536714,3.931730862730215,516.217847243303,15428.450915708274,1
7.036752103833548,4.108856703319134,399.7669648211219,44831.86987314956,1
7.58004880807379,3.959636523743514,503.9087330585392,31749.9243962038,1
8.473249064166925,4.810185430241004,590.9065735830419,20465.588609162474,1
6.816416925295727,4.2747382136106005,477.0239651307417,24170.27489447497,1
6.460033522100627,3.535597778692289,365.09414345117847,35775.793395721885,1
6.227826794815905,4.007347485187138,460.4153864081878,22550.492264225108,1
7.036752103833548,4.400203468805106,471.4447687268882,18589.031159737136,1
7.036752103833548,3.612918763485361,435.4182449652719,4142.4990006204325,1
5.632731646664602,5.114607051016194,425.9842126790014,28315.43777694194,1
6.19124144257447,3.3150705928492927,488.9541644367416,29778.35787695432,1
7.701032797005616,3.395482609242578,368.2245749971128,16978.926829044573,1
7.036752103833548,3.498716818980463,443.8433994171436,24634.55244287133,1
8.83264111562239,3.4521497364245355,453.7579722364956,25100.13140450449,1
5.646083311861947,3.9385056274364985,401.2562922845298,22455.695011751144,1
7.33210396318143,3.90109686620938,310.26197419112435,24412.50353691944,1
7.896743922258235,4.889458166019273,270.794058781986,9407.664038720552,1
5.675294715190149,5.021464632411663,330.0786127914452,39172.38964292974,1
6.010617576533585,4.867287404331263,314.5298133899644,15940.573270538474,1
7.986018499069503,3.1530047275571595,434.9545188654389,24712.99343193111,1
7.036752103833548,4.30405163167599,427.811456301812,16670.99601323444,1
7.159613911959985,4.943842600666056,437.34858492202767,30897.990039257784,1
7.565198073160248,5.185000023597019,341.7164586410778,11246.426645933883,1
6.865568515027833,4.916218246161076,496.6034247597272,22585.78880910971,1
5.736675708942604,2.7417913083454284,415.0065755703808,12683.483292055978,1
6.129069622155112,3.837639089504538,464.8513219016802,22207.482865469778,1
5.991371081542708,4.539371149738408,430.1851617726486,28702.952380225062,1
9.723377230792792,4.0720633529651895,443.0374169292222,9076.646483433453,1
7.736312841132024,3.700916676376548,433.9740224944386,19496.84859192329,1
6.71579947892659,4.999752022622454,316.27802906999034,16006.97258771503,1
7.966762553436026,4.816347767394934,366.379543639586,13354.706509808377,1
8.242558635342093,3.5294272368553408,418.26375748477966,24042.18816001168,1
6.539546127935385,4.076403287338456,426.08347881627714,28979.76760108172,1
6.785384060224329,4.677920641099911,343.97240543461726,13098.858289980222,1
7.007974587155316,4.628974863583534,403.7542555264207,26136.31357119588,1
7.740383939415849,3.0133608396173157,471.7831533991967,12477.771817585091,1
7.918087079178242,4.640043009571169,322.53342323301644,29565.711107942137,1
5.772769697849313,4.154685423680439,312.8693643369379,26693.76160684569,1
7.571684493181063,3.920287688012938,305.8344870063121,8835.555875821101,1
8.733525329569868,3.149201800222124,336.82465618510247,24578.421221310626,1
6.917858355091138,5.544167317192912,453.6375097340194,27651.60909872825,1
8.512780908859234,4.026622093912992,377.6189451426836,33092.669352987614,1
6.539115261496296,4.21167195883605,585.1664269959149,23308.296877049183,1
7.036752103833548,5.53747584049303,309.6084111819856,32161.84009048273,1
8.227083130096286,3.619181847561858,417.6737022460746,40546.956331528825,1
7.274198050602535,3.1527627940382823,591.80147197882,16255.901371056703,1
7.118980168364626,5.349210585555077,440.31787086414494,32528.115614331,1
7.036752103833548,3.574605162201768,279.646803827296,32865.50952537349,1
5.941942536401314,4.302179284726438,517.5468169196527,14778.03287527186,1
7.278910903182803,4.201577246628757,480.143108594428,22184.52703251262,1
7.44518902590451,2.745803764968096,355.57848095397867,4168.196993742783,1
6.442496436487848,2.8910188785912547,385.0148667810816,11592.445624124975,1
7.036752103833548,4.989876167610412,365.1481515685689,39802.51491720437,1
6.919726155212071,4.120827880347175,394.82932593815946,35558.73164724479,1
6.472371049680761,4.134575196718209,368.0795100773872,24246.503564672144,1
8.251217779681046,3.495062986026916,277.4127111055736,17617.87630929659,1
7.036752103833548,4.600663396060018,354.10182991675475,18964.09225556579,1
6.707108205835426,2.640246412985256,406.1985550358406,10794.783898287207,1
7.240194470415268,3.3628217632499267,451.0158383336079,31144.703124202864,1
6.528490775347884,4.585971676210264,430.4187865497372,10835.201157145417,1
7.031839173708415,2.725564949076888,571.8220681785504,12653.944084529305,1
7.4943911014551485,3.579651838079742,313.0915196352882,25058.160217144068,1
6.957433637931853,4.892050440191023,468.5550615423049,15007.421534208548,1
7.036752103833548,3.32738442877916,327.650903904166,16589.811554260537,1
6.9623245949195365,4.526768327029911,360.0589598270384,35229.07700167067,1
6.509621638211163,3.802819638132032,472.7093808844901,20122.192563757548,1
8.069297892811402,3.021381555454751,418.2000717349236,16654.509370021242,1
7.213375388220339,3.4534388764574366,457.5115872324179,27377.699775744542,1
6.790838199257259,3.438279838827972,610.6295503471943,14348.572923584908,1
6.975209177557351,5.256483549715023,401.0588017331808,35701.155320153026,1
7.422225264350398,4.486512692528834,401.7754572096606,40148.1237214392,1
6.505065806504937,2.890998522404099,484.0922845308061,16982.1319743572,1
6.617862257193747,4.6013511981931385,479.92053778243513,33245.63058729513,1
6.769769338622252,3.846611900914847,299.4049766499827,16980.25848095072,1
6.341751223983171,4.01901054979541,347.464419055724,18058.32029168459,1
7.058866081279625,3.93733418398454,462.9937286589571,16473.067089156142,1
7.53928739507425,5.427372664623769,352.1959120538868,26999.382075920206,1
7.036752103833548,4.645691670402503,522.6005118428147,36525.55088358131,1
7.490807653925485,3.716367554767152,440.47119760915433,6873.559885376127,1
6.037428193759539,3.59421736385624,306.3862826304384,12988.791228835704,1
7.036752103833548,3.392134168351501,471.0735367230232,8721.231884671792,1
6.706695161498074,4.371882444533677,443.20877425682056,27881.504407398363,1
7.036752103833548,4.709676028114963,554.2213897459995,26885.834938137457,1
7.036752103833548,4.116263245209827,288.36871280203854,7557.021271321207,1
6.758851697206596,3.639971875965876,382.5026997574068,22540.77516736364,1
7.486780879606536,2.7484287971608525,351.5754113995182,31130.21264249527,0
6.904121373223552,4.141819203370412,513.188841524663,10836.969782381557,0
7.036752103833548,2.8465011985982662,456.1853379930522,42617.30339905726,0
7.3489371420594365,4.725746456238614,541.7550824896753,15818.26131979591,0
7.846057926337261,2.487968647002356,387.971335796834,23264.10996772913,0
7.036752103833548,3.1137643063071057,491.880577999789,19955.71054192327,0
6.1798098000471855,3.704324220484782,487.6257329898284,15391.559151103324,0
6.755669308054412,3.9595176374849546,499.0709093289456,13821.556160396818,0
7.036752103833548,4.312289707883561,483.7979676243317,28266.75510660842,0
7.266598792423617,4.952733208187274,502.8830672995579,36490.14303222343,0
8.218171065854822,4.24644617230064,408.360198911918,22465.687556541678,0
6.980061938695879,3.969463254406426,492.7034162141231,17625.466412216323,0
6.381978996412815,3.299047219076856,511.48515728236856,18982.95376301964,0
6.648005459996722,3.829783554180682,471.04712867160185,15176.290678276642,0
5.899936566709943,3.8589788145579176,512.3365276692065,30379.35944070353,0
7.260904363269189,4.383823385030879,390.2852661378642,21391.162543994054,0
5.575920648115463,4.29444755906491,252.96832778421404,14553.13230781558,0
5.4674012550751785,3.7178227183596775,355.17571217513563,12883.16353093341,0
6.09001605715742,2.9435217121887867,409.4272358027418,12558.897972763089,0
8.205447052623702,3.7399216697331688,420.39422277709673,17981.25477626456,0
7.670505864185263,3.933826460461319,462.9676393288207,33843.619447035155,0
6.791097166019485,3.0840397616728685,291.3042115534742,20149.179673348102,0
6.006769481080511,4.034754809022699,275.9865952550496,20279.701038209343,0
7.036752103833548,4.905229738605767,339.6418822650443,32951.31636864693,0
6.336342761889751,3.788803320404231,370.7956044678604,14619.627261341962,0
7.473235376592182,3.877714249855098,590.3251264863392,19932.58522525505,0
7.036752103833548,4.246388024142823,473.4153778873402,21671.278302245984,0
7.380104834625337,5.03045220196702,478.6545180309788,16862.543476270643,0
10.067632997838077,3.7767889972620634,415.0507563086282,39716.13180392068,0
5.915944299587397,2.585849315185795,321.2368139740572,6967.735565126048,0
7.036752103833548,2.6432124116405253,397.4417128034464,38971.05101037508,0
6.124847329190028,4.211967654412953,388.1375308645463,15092.017644538098,0
7.036752103833548,3.302419289577298,520.410505321842,20593.933717750395,0
7.876495131350931,3.913904716907024,391.2587936893696,15741.081627151125,0
6.021051322822076,4.661057552180376,400.56633007782665,18966.36304658116,0
7.036752103833548,3.818403943096136,417.42476631714845,20894.40049314081,0
7.036752103833548,3.434798594981862,536.3369828392506,14807.413553773438,0
6.5854502296739055,4.27564024793146,430.078590904872,30210.250367370136,0
6.342671183447911,4.582591795430545,351.0242556927136,21079.6062064613,0
6.6329902541703625,4.360851169963949,451.7344167151812,12829.092777695125,0
5.400700137691393,3.555737566011368,503.89635686519,9968.96273804851,0
7.460147818172523,2.4136288515589506,438.6196351489,25480.91841000956,0
6.709822000741922,1.8487974931046152,400.3428119181792,20922.154463374245,0
8.054893321996667,3.5243804297933856,574.4028275055138,28545.355432785866,0
5.365192408000016,3.1807984567770435,393.5338791839141,16262.939245595977,0
6.920388988495384,3.2776013640231367,368.629147028837,11086.259857978246,0
7.025456547708931,2.9270514417687563,559.0028537758723,31659.96274454228,0
7.974248428106492,3.1959442509174982,347.74806121506026,26848.6298415976,0
8.031055220266794,3.338880125546951,452.9702846516933,18134.83502046913,0
7.614056816681071,3.4379463950132005,384.0872808570737,17598.200350135314,0
7.643578361999963,3.762162859528624,337.6321732327212,21885.503784437868,0
7.731315009102499,5.164284274583004,525.879408394896,38356.226496408985,0
6.268402755741024,3.389705289941097,421.2202280406865,23050.331256744616,0
7.369911642352921,3.821721167441023,391.32421549532114,19283.402051083736,0
7.036752103833548,4.142386058756017,386.2983586386339,25696.32094154681,0
6.32037528471829,2.7286173523352666,422.3410482213273,20481.642070831575,0
7.29008857213943,4.700618335949317,402.8747985602173,26115.61632637636,0
6.35651106246199,3.41552552539749,430.9595045415216,17538.54117200986,0
7.974065001358431,4.069086697798404,371.2119513238151,29477.76439892189,0
4.943508443526886,5.070841577374866,417.412531195674,11870.424852110136,0
7.70036230513608,3.786486994275809,444.9576178720105,29432.208251104283,0
6.054607180419152,4.889163359744538,441.4985004369266,10215.812416702389,0
4.221420679849157,4.278712401471591,436.77459795692863,34370.19711329974,0
8.545890346487688,5.036882986625275,426.8833666605269,31056.57878232473,0
7.752176212505221,4.725507109575074,328.21725120628446,13655.680652619383,0
5.588129750721398,3.1656184818533246,412.7085568227779,8730.312435580889,0
8.649868625073694,3.0816812395256155,329.5041913354123,18503.76652536408,0
7.899256515294086,4.448170569609338,400.1498057970947,32210.816300635037,0
5.952267969284858,4.769768271388487,423.9639950474154,28105.964887110626,0
8.0401875566739,3.221138969011636,420.5492185259853,11861.550851625769,0
4.3132191507406965,3.9235902023946743,499.85479662246576,12770.831829545388,0
6.707016927616642,3.1656323908377333,553.6444594943033,14794.41140003857,0
5.853560600803125,3.756873895137448,489.7968883904237,19790.85692629696,0
8.817402774388958,3.8640984193819534,552.0745439981175,23173.31952968372,0
7.036752103833548,2.8125036354500903,381.6854171697269,39207.58924844238,0
7.036752103833548,3.4815173946449613,322.7356852994942,19671.35122933958,0
7.476408459668984,3.478193780402128,339.72998778136247,27109.895609120475,0
7.691486298425762,4.042497483266329,536.8895891431413,36578.22374530493,0
7.367371852627868,3.8172151052716874,354.7649403234506,16663.60250704232,0
8.92790592593881,5.474354698144387,438.51558702553854,22139.87884847068,0
5.621227320090063,3.4407533246763085,326.35087250959685,11123.886159113652,0
6.450644925327291,5.241539195582696,573.0337789463545,27682.50744557728,0
7.566517124512967,3.2751420374154505,395.2972754581453,30823.73049012335,0
6.1156375458102,3.723625473260451,407.3195392577166,15765.786717700988,0
7.595228724049122,3.4976041136035416,326.62713134850964,32869.474407709225,0
7.036752103833548,3.2562746896315304,467.6280725145015,11380.298635923393,0
7.13122185859695,4.713192604671875,510.98232922456185,18969.82488830444,0
7.399724707648925,3.795124079678799,354.6673118033933,18535.046451649418,0
7.002479940695225,3.352436318240986,457.6467819654018,20518.55543265198,0
5.34534537107888,2.3628860224049038,496.35087527790273,10315.353973322302,0
6.18595116263375,5.2057243002993765,479.0918450755029,22198.92942013177,0
6.070090952233811,4.699457410935833,485.8662578948289,26764.494430409413,0
7.095569331079976,4.861276291728905,453.9547573248869,30235.170803134424,0
7.036752103833548,3.092816759322282,410.4797337483935,16737.10821851538,0
3.92855649232336,5.060835979341727,406.0856141409098,17328.161457014812,0
6.352973105397818,4.155494640010193,403.5604822630333,13858.703935543015,0
5.999125177726393,5.046973115947742,497.47715053535967,19345.79133187442,0
8.89958837829117,3.9286137101792655,381.15935374514186,17915.085972353347,0
7.375337619892639,5.127394948805861,495.037067478959,28767.757422570598,0
8.97932285265221,4.264944045592401,485.58318789174206,24967.32299778184,0
8.532377473918308,2.3800880493685312,436.1649753136292,30268.421271864463,0
7.213537481050567,3.497480960958101,332.19950715811126,34727.40856407366,0
7.036752103833548,4.583109838449884,472.3299947748196,14368.128161016646,0
8.895574457925981,4.754234801908662,444.9295835933552,27622.7462675418,0
6.582764203677888,3.668879696635321,341.2099364946026,21961.5269170624,0
7.036752103833548,4.377502097292449,359.6221866110655,14665.404798289434,0
7.036752103833548,3.287617331936556,327.9245608866772,44831.86987314956,0
5.986593892372897,5.051493873890792,354.1118604061628,21229.08331349364,0
6.841221063159616,5.092364652373034,532.1847407793819,28263.80372029677,0
7.036752103833548,3.8257700750242414,478.99897267979736,21716.42369230022,0
7.146117224742147,4.775201717853433,485.1092147580308,33266.57157516288,0
7.036752103833548,3.9432907565051343,434.38830367609546,21862.75360901294,0
7.50757529645138,3.703001047324373,377.07513261025207,18328.69589935917,0
7.997175822735124,4.817668211405948,513.540398386387,20575.57315960785,0
5.1743459983462,3.689144992138577,407.1023016775681,11746.607522157146,0
7.036752103833548,4.018446538686602,365.1405793760971,23172.28151035853,0
6.47909256706823,3.089597302323555,370.2898376510675,28165.87256041703,0
7.811512445222393,4.546070210293161,421.1330347716793,20911.904666062124,0
7.43721665310552,3.866874572569852,413.65595100059136,20185.58715565257,0
7.95387811515525,2.860223970222824,356.29434097052064,18677.27922204908,0
6.396569931080612,4.188249712324068,489.4493050721475,12278.985279606484,0
7.036752103833548,3.5944444159046545,540.8995403289057,22444.09006770394,0
8.058135996612346,3.130608939839331,278.50263260667685,29298.3594915512,0
7.036752103833548,2.0288751732864254,355.18493482653435,20283.783628580728,0
7.036752103833548,4.875382904979997,388.969020976625,26492.71618087877,0
9.497261162881252,5.242105329965899,530.217007876155,33681.33014018342,0
7.984710742242038,4.567879972284673,338.5099837257605,40709.781662842805,0
6.261110580253398,4.753018575157605,490.94265074565226,8572.421508507414,0
6.957802749302861,4.587745468810144,431.3706621886607,20215.632849284608,0
9.6631590150059,5.270217774033984,428.9064317257348,24387.96807137455,0
6.732713713421406,3.885405037306561,321.3645184859208,33820.64575966661,0
4.886057056804735,3.079373114175483,569.5812877801923,15496.61171860211,0
9.61022034489963,4.961971972367872,485.37915630163,33954.43547084092,0
8.518531795246274,4.147168618141657,554.1390374266267,32018.28963121317,0
6.950786515485461,3.997975215085431,417.1844457622795,21709.647708957324,0
6.023022741325022,3.668088579274877,508.851053087782,10925.36010387038,0
9.011480407411014,4.270801389375358,385.4096084791193,34865.35768157474,0
7.946767904206179,3.038483125240436,306.8374019331574,24244.11196284924,0
7.709617350900396,4.140423756852319,397.8455658311371,32910.52518225479,0
6.081615358462056,4.010036798677171,410.5090896877493,10120.112679667847,0
8.146185794091142,5.1779636245974725,445.9312070234705,20506.698417601805,0
8.141861116382476,4.136950485502741,321.86747412825633,25433.465014926525,0
7.703356821382107,4.7321253460612525,598.6628773555655,12861.946542042451,0
7.036752103833548,3.771305112783325,288.5176973375972,27687.73764635304,0
9.25285650898534,3.3005858263579806,400.0035891200178,44831.86987314956,0
6.047651488718149,2.589867902857387,386.66120497092567,28633.846384957356,0
6.152857802124513,4.403083393696855,406.0944270997211,24978.48317688876,0
9.074922874454952,3.8404790099388846,339.3553331656084,21633.721726518783,0
7.436537226981672,4.497629168137822,398.57421484064594,31935.69070511304,0
7.036752103833548,3.458352213645405,469.2876307016455,11949.597925537042,0
7.130099196200058,1.986191593058412,383.45506826281496,9480.617796477698,0
6.792125450218405,4.042637641436024,370.6005777886272,17782.604408324907,0
7.036752103833548,3.864931034905198,379.1728036459872,14916.98609089982,0
8.885626344053186,2.993300944496919,399.6725563801652,19113.011912328988,0
9.475316259695344,4.701538331428024,436.2031127591757,32568.153500291777,0
7.036752103833548,4.69101750323518,440.9520713952589,21030.234531024977,0
7.183108734458526,4.006424839252379,294.9912246649432,5097.825849772476,0
6.1574431448430325,4.770154312108588,533.2883507364414,25937.7114383158,0
6.467868301691497,2.861063942572024,356.3478418738045,7656.41324825941,0
7.036752103833548,4.301273480741873,494.2887842473437,24916.62558501237,0
7.488133464330415,3.4740347171181667,387.8680751686361,24786.05052772173,0
7.323545119666458,4.89842104143532,379.4924534134767,21044.2026629225,0
7.036752103833548,3.067033981302946,554.5736618904583,13568.271200528505,0
6.530796123720997,3.181634909261997,490.644137652196,19174.593250226982,0
6.931470426933321,4.249333174167702,398.6479442541533,35793.75778674372,0
7.774645242924598,3.911816766224265,321.90568103150537,13829.939069948674,0
8.107500138616412,4.647800627368438,330.21151529066753,27277.57996373848,0
6.306864459373674,4.619172769338624,350.9092266374597,22418.90818885896,0
7.036752103833548,4.069165566663121,473.8049105142925,22900.118250642405,0
6.6096803221946265,3.5891464414221934,466.1030079553118,17963.86684547205,0
6.632205878654961,3.4437405597575226,458.3667847374616,9809.904000074896,0
7.036752103833548,4.287440678130007,419.4530876555296,18939.61646068367,0
5.716755666530133,4.0806749961624265,345.08393643177794,12641.527808865552,0
7.740453870226316,3.541316670456529,489.047044090182,19713.504368329774,0
6.277277371274439,3.6193211819201823,474.61795358236793,22916.572241773734,0
8.00637329840415,2.396505357833779,367.688990583101,44831.86987314956,0
6.513016585960504,3.729960915816749,410.1013088585311,26262.545482066034,0
6.2341976724749335,3.885492315509884,351.18010062318496,22195.21038401363,0
7.277143966771516,4.931353521983009,402.6645820622835,18270.10506128632,0
6.044513029512341,5.127778325324405,431.0964249798755,30191.692456948425,0
6.6430265381410845,3.7099886624912353,455.6932559864737,20511.36924032244,0
5.150456539630286,4.14702894652348,379.5379368775442,18655.541892184912,0
6.110545160785598,6.064559250159787,340.6306415230615,21319.79439676636,0
7.831117736766918,3.807997463749791,433.4604373010902,19130.961531432906,0
6.980727163646463,5.437618576761173,422.489596220183,30862.784458532115,0
8.552782415873253,2.9408479958845923,340.5662445043567,39030.60370461179,0
6.4493794387538665,3.715428750090735,384.3806692204295,8607.612509852157,0
7.392084037518904,3.778458495607913,310.0748511865544,20185.67622897999,0
8.360795827235105,3.715951409137044,471.5535945890304,28722.17584686686,0
7.619845076953617,3.779648433049116,285.3499428449925,37279.12894995495,0
5.404510674147487,3.9981758863091033,396.9112142092114,10168.17653621156,0
7.079303517779591,5.553173840879232,342.72531842613824,24282.154769061584,0
7.036752103833548,4.296188762920464,424.64977282821707,32496.640216272444,0
7.161714892641493,3.909973568447572,478.7669704993522,13680.764138035409,0
6.854946858787279,4.938999307033027,350.3447083580777,16203.090696900725,0
7.30955640748172,3.707413724281805,477.2353812842728,22277.62602183729,0
9.313465892899943,4.493612764909594,267.8017106702044,41982.61065530991,0
7.036752103833548,4.50102454017249,573.1595906724139,26964.317180879967,0
7.036752103833548,3.365174439747456,338.8141646384995,30797.519998954,0
6.187938053993094,3.5461832023705098,274.7647028108312,12682.150940770613,0
7.036752103833548,3.802426744491779,323.1575174964745,11429.201199049396,0
7.9653373053048,3.3909821110531904,527.6882417154604,25274.610304821013,0
9.26439090863462,3.175520773635625,427.7938337302106,19607.754919172454,0
7.75404435394794,3.760298085013082,597.4860409584503,19019.27950469182,0
9.393891652231943,3.0485658663001405,368.8346037482148,13150.207458747062,0
8.176079615301635,4.11232245771067,464.80333023265456,21856.988628005776,0
8.337696200697742,3.454197456668698,302.4223184971019,30969.047593280786,0
7.036752103833548,2.8135267561051323,502.0530009765956,11963.32371638583,0
7.1910248566863455,4.270645692708772,465.1268382545519,23781.328740155917,0
8.613698594883758,3.949220098875637,418.6975296431608,20862.455870543392,0
7.793039171409166,3.389270098308859,439.7015995303382,17398.38584333543,0
3.889106956840228,4.927711075497064,447.30375575365935,21937.47156902812,0
7.036752103833548,3.72377603814946,413.6922246601988,25236.70131646833,0
3.9782846273167376,3.751565768898725,414.3282148266,14433.780495551264,0
5.964065359871277,4.696720853415239,486.5168842205406,22168.331560676947,0
7.53205857980722,3.8085699230100247,393.9718897282936,24454.72586422593,0
7.233538435483265,3.679015067771328,475.8216448594685,16621.494788968663,0
7.036752103833548,3.1538002186878344,379.5645635605239,11900.055202795736,0
7.036752103833548,4.212510849647721,422.0173564256122,44831.86987314956,0
7.480728113602178,3.714874787439821,472.05933940894187,28357.94277394804,0
4.4770917139584885,4.32768028988057,456.9797718349887,26843.470364384983,0
7.036752103833548,2.739234987146461,420.2191036459721,25110.037626373865,0
7.036752103833548,4.476991214592083,364.2735781094777,28790.547684661266,0
6.314077469750392,4.363865762503175,396.6729763439833,31114.635652584744,0
7.036752103833548,4.241935682799888,311.9742338887706,17317.68725087593,0
8.822610383759214,4.415596156287389,384.0185470136109,27109.23965235675,0
6.92265237065665,2.877354266538508,560.7877028161919,14682.665838222663,0
7.036752103833548,3.611330374366964,359.77813414088587,25541.152765221417,0
6.904536858235756,5.0589054483892655,417.2493946369874,32981.25837721575,0
6.548017642485212,5.930227576581439,291.1215276429696,38368.012617715474,0
6.581082756075466,3.511369718286504,476.4586674162528,24480.671795007485,0
7.86464967253437,3.585933521695313,414.3651493572396,23045.72624697215,0
6.136907177131185,4.704585017974258,363.6184916045743,20561.694730733,0
6.947028539657349,2.60018773266633,372.02281697437945,17540.030217458585,0
6.2033225076896565,3.487920050688021,319.7666814574808,29426.473780195,0
7.036752103833548,3.2124926934616096,359.5763336209988,38097.32979626167,0
8.373170925244922,2.786329667144387,396.6966973925066,22022.626216658857,0
7.036752103833548,5.026270726028191,374.52319699753207,12190.171601534148,0
5.921247069476017,3.7467755604654815,380.4998179392721,17397.40285771146,0
8.829806178150646,4.423886041610509,301.89595905839064,17732.914670264538,0
7.036752103833548,5.324638004849745,507.5674883228843,13427.06859106962,0
6.83221738756748,3.1454155114301705,389.9780973315524,14015.044769113856,0
9.281302611348124,4.069976588751361,383.2600282040939,36622.22860622794,0
7.456250785416918,4.279697427788076,417.1252096653624,9163.294448141276,0
7.0882509764340735,3.2306454361995462,298.6717593898317,25399.109005649178,0
5.648628537607859,5.370004183346351,347.79232061117256,14547.885478196942,0
4.293961234794354,5.105120757070882,475.8764151134504,24600.76069054644,0
9.678050853902558,3.0297003349809173,325.0011155437085,26402.703957347483,0
8.662709501389225,5.120102527824212,459.63311971528543,20333.07949521742,0
5.897391120843136,2.961602417916417,426.5058342925407,30575.357138474,0
9.49424264803844,3.189025539707877,581.0781564148187,21879.70420789106,1
7.036752103833548,4.181264105822968,407.6429622770386,18318.72037202904,1
7.080193059013201,1.8487974931046152,355.93759648346474,39431.11265323532,1
7.559852309769317,4.550501006088248,278.4755858510434,29567.698929375347,1
7.040394956072289,3.93191655326223,531.4766664656818,22505.518596929374,1
8.05304368223556,3.3015748949924983,512.8990363712608,37086.54605405966,1
7.044375318734117,4.276699073642469,558.1765918060804,12575.279626806016,1
6.309891576180204,3.603040461775072,381.05877629677343,31062.37191484566,1
6.203572848208437,4.305549361837694,601.5261669886679,6698.239095162861,1
6.879404957296282,4.700470229763488,306.7843022429723,20509.33196159374,1
7.754884394437196,5.128390054528116,375.6726908435242,18857.058497252703,1
7.916669698835311,4.275192719102842,432.5899955159263,39431.25263187423,1
6.405392481776244,4.531920781408072,548.6377020787955,20526.30683510295,1
7.795957800597176,4.251876169502328,484.1047844859479,27849.14208822323,1
6.9639793510478585,4.489870473182842,358.5164767719204,12878.176353612203,1
6.9678613966386695,4.893215273397656,433.23942858663617,13401.044394115284,1
6.6227913564466245,5.609290809737711,310.85113801547385,13900.71652278062,1
7.369988620741592,3.463852437148298,357.0662032160293,18998.34682299137,1
7.036752103833548,3.3739365078527763,599.6145352913743,8076.822282595229,1
6.944868386836294,4.241135181480118,470.5997605879183,16904.201091168223,1
5.284810114998686,3.990242632195878,485.80543103355706,11130.21136487445,1
6.85144260294889,4.93555654349587,373.5498674419218,15349.142584940451,1
7.760189364703282,4.590527648801448,347.18078039062647,34250.16392496158,1
7.280560356935292,2.919796004979838,392.5325974868163,29690.917157925207,1
6.834259889880556,2.658843411948673,397.3375083043034,21670.569891384235,1
6.728975147762138,4.59378713275743,488.9763941943218,26376.062287461536,1
8.016418374611582,5.320015455400856,442.4995320422278,30854.83046842261,1
6.8649167394504005,4.493746769178872,400.96527028732,20464.77269438748,1
5.808975519906834,3.599933101811887,377.69728280218186,7965.207918480109,1
8.45879698814859,3.827431410883915,328.5794292459115,29317.14244007175,1
6.987335278958937,3.8702927815710018,479.82549659009305,13505.033116054752,1
7.288736661267014,3.5313846614470856,490.0470946153679,31617.07541496605,1
8.116350275289646,2.5260162359182696,416.5966342435125,16514.60809225703,1
7.463915951229467,5.0758436044594175,403.70350157171765,27150.39539959295,1
7.512361216121821,3.515802547219812,472.3421246336035,17895.55658532868,1
6.415108471708082,6.073006014096297,529.7303121271815,19310.0620106098,1
7.05994023445362,2.949938822578741,520.2728605714389,39484.63892065139,1
7.036752103833548,1.8487974931046152,311.0930645090889,25703.15520088736,1
7.425102223222055,2.5587727443235098,338.93527092327014,18608.940873849617,1
6.742622398258796,4.964672640375529,408.8535621673053,15488.95674774774,1
7.682923444847809,3.542731086958609,594.7025457573734,31150.513421162406,1
7.041665417411175,3.0997461634419525,388.3392769886837,25419.76949818999,1
7.185276448818911,2.9591538231075867,435.282980697069,25645.06723301753,1
6.597292363153351,4.3183054068542095,501.5326526063095,25039.35469550197,1
6.908853083313673,4.693949415674136,434.3502193029309,16965.31410880434,1
7.036752103833548,3.5737411060993765,454.5437654967258,37273.42922304459,1
7.036752103833548,3.603089689088135,369.2897773449237,11566.875547564368,1
6.281903929078816,4.457729915454185,424.44618498229806,17095.270070382572,1
7.036752103833548,3.2853718352092978,489.5450548414639,13812.41042060634,1
7.362912867202151,3.2494398781740013,437.3895262513468,20430.90669671211,1
7.369087138654637,2.7151866852786206,424.4542544841162,28232.018406459585,1
7.70810998872957,4.896625907872932,523.0526625927213,15456.220085905528,1
6.504112779748324,5.396623142289246,359.4609502338278,20852.76449616848,1
8.185923417313038,3.566945145029043,410.1582218451634,23641.472028426168,1
6.1491851735534615,4.275614874442733,431.6512829698361,20596.39123095366,1
7.080445821121838,2.66494605525722,530.0529192768847,36966.85331934397,1
6.628427347390652,3.4052786183334085,374.4550617555522,18059.33085188565,1
4.704698461717015,4.109924711687724,344.69373993834444,5128.457645769734,1
7.976900873677573,4.7536079310394825,613.633547710373,15360.8350680644,1
6.8096445151755205,3.183803571914326,360.9328038247744,35001.14479157665,1
7.036752103833548,4.032267338593523,279.66491975858423,20325.70213107957,1
6.967696683162022,4.819637104172265,507.79006183312174,22886.96573475016,1
6.444555170207262,3.551905359086965,479.4794090176845,24855.83004230354,1
6.277742483390635,5.255011943220072,605.3983749480118,15751.449149968535,1
7.036752103833548,2.505464026615983,410.6882968730245,21190.154942897894,1
9.014356734321137,4.549419412617848,445.7688121991064,44831.86987314956,1
7.781663759793227,4.822967485351244,447.1671009870266,35055.61648989219,1
6.084360116189226,4.298110919527294,436.9889344088214,27310.060847941597,1
7.15473588040487,4.629955736114066,531.6026341640504,32680.977991229047,1
6.748811549804483,3.3125127658902267,527.4596400372888,22475.092960278744,1
8.128270069244824,4.6787421658436426,386.0711491802708,19954.575553945644,1
7.036752103833548,3.978495493860283,313.0096388778709,22613.29748499291,1
6.335683141915911,4.578861190294835,607.1025732139511,26594.352076277777,1
5.940475876449588,3.9979696708974912,402.8873087347532,17177.07103669603,1
7.61487763929876,2.99078089431675,445.7668531613048,33347.97109835898,1
6.718249444896243,4.488904316315408,641.5258451890836,21043.626929110094,1
6.8663565150600006,4.346153563046948,462.53511465466266,13979.381750036173,1
7.036752103833548,2.60151758888062,429.6901556789518,21208.61828519181,1
7.553844615241808,4.374563849807857,450.5359095235472,14319.401369905912,1
7.36667198942732,3.394450272692436,393.2539150852465,15547.186626031573,1
6.567759613267086,3.824428038818539,390.4268890867899,20156.5786232912,1
6.333640046326739,3.982002335270925,366.8131075971799,18506.288608777377,1
5.89241318577243,3.3118131930849275,446.49439421429935,11006.048507195754,1
7.918039170296733,3.3861098132109198,358.0973864136281,22899.06291433173,1
6.549124998345768,4.42105884351,361.03723822946847,7412.798058876675,1
6.804796145017353,4.847312561784218,344.7183136168977,17196.05471106186,1
7.036752103833548,4.704273494634856,346.0305439247937,20106.106839590204,1
7.176170870069639,4.74296674858479,485.2544295835229,25794.95018998331,1
7.085095882764062,3.932839292719952,387.6181111609328,21823.09425610631,1
7.201702374896836,3.883250198498328,395.9768244881794,37308.99415948845,1
7.776044112626788,5.425945934424112,349.43109890592496,38895.356135547256,1
7.036752103833548,4.258488736618552,539.4647233811894,20214.21655170465,1
7.046548537016283,2.869226101819664,348.26459071234075,30569.8105511719,1
7.036752103833548,4.4805743911383615,293.83426449669423,12635.367703570148,1
7.732880077797702,3.510728004352379,567.7222810870219,44831.86987314956,1
6.266799947990716,3.652844725674909,277.05080172633507,27577.213623277807,1
6.630251708982636,5.18120249221265,416.89807107682105,22557.779576080036,1
6.775631133267148,3.0175443059239453,597.979273674631,15525.393963108943,1
7.036752103833548,4.323784880397048,311.6355739249564,25680.71738836721,1
8.164992426171885,4.162495509766512,384.783184974492,29045.261138112808,1
7.7737581374530995,4.040974482292381,355.831682952012,21688.61694269034,1
7.295141331699135,5.056104024299176,424.6501794365584,13706.186807812384,1
7.036752103833548,3.842113986103596,525.2247169516716,8906.975623139486,1
7.657541728081206,4.792527452455119,305.6294092977496,35056.2322337289,1
7.664793523351656,5.48169093434497,510.0468967760106,20259.72585030205,1
7.036752103833548,3.619545637398924,338.95719825490977,20116.91110305269,1
7.800421288908953,3.3459103817138685,448.5956405072785,19873.300917970748,1
7.264069096752565,3.9602821137582938,301.95355082979233,19412.11272261369,1
7.544305635616618,3.7140964349299774,447.5206553991745,34359.40079704245,1
7.74977378413344,4.317186297673677,398.5447626045239,21995.06806755686,1
7.442023084023342,2.894651172139397,350.0851155438649,34565.70169026524,1
6.559252620892982,4.216315016151919,533.5838575451302,30660.209666494626,1
7.035036795196814,4.557028865672788,536.1838999563895,19746.49325081927,1
7.880685942702883,3.579983811082845,472.3690935108408,19486.881839128484,1
7.498372459046129,4.242241799025037,299.1942452483428,21736.37332414967,1
7.036752103833548,3.756100422662207,464.024916987614,12700.488038605892,1
6.538207172663557,3.426266448712848,465.35266497958105,12330.406567718495,1
6.373288071168332,4.538108781438108,411.58131001502375,17502.87944209258,1
5.7564756894907045,4.0020815167967045,442.7587558988176,8086.825998967037,1
6.918062437943979,3.566298461651997,338.320839811328,14052.446111514224,1
8.813504659624094,4.242459863239631,278.35512334023724,40684.3900138736,1
7.361599831600276,3.751588621742676,389.27264540312825,29169.720783490982,1
9.175586152587863,2.9596846207077028,422.3182270804992,44831.86987314956,1
7.036752103833548,3.952594441314252,581.9811911835134,32349.10237770703,1
6.550877192685638,4.824825939065864,369.61308408353386,25070.0087387663,1
6.5108556110746,4.225608375907182,437.05136427690576,15147.171463824649,1
7.347030355621346,4.297880700154986,413.2142304937184,19073.25959456154,1
8.111953170359271,4.430750455902872,281.069202785292,38184.46957355751,1
7.036752103833548,3.825936697459348,365.0325033529768,35434.28006200042,1
5.98501245091746,3.764099673513571,478.3323603096376,20155.43446937197,1
7.036752103833548,4.219225568669436,330.2533753598524,25626.4810500146,1
7.036752103833548,4.514174613415019,467.4799009842726,25583.492008523008,1
6.433722352782365,3.641489972443004,375.028222460977,20321.229404327143,1
6.770095146347258,5.203461367345384,519.3803669384755,25887.631722186707,1
7.927969552720631,4.847262262021436,315.9134105716916,27402.019999042303,1
7.338826110612727,4.01706111949955,370.86063167906366,12603.400371363736,1
7.078361074110981,3.263464731173011,472.276000873812,16648.600567341065,1
6.751668626808021,3.735173416038589,467.1483718506776,32040.50566943677,1
7.744125219434779,3.612260192161634,424.3287402196551,21403.00204819467,1
7.560392022830322,4.257805108217033,481.3417738810756,14739.068540064643,1
7.830607590568666,3.551568013010188,405.2787384894268,18821.3896124734,1
6.746934968256862,3.4855359764780687,330.08372292196543,25137.42767692439,1
6.542281786808939,3.794055432721665,474.0077154867548,35965.74458114088,1
8.549692514107981,3.039018778586744,423.1100796600702,17828.294523792538,1
7.499844501955668,4.663869576482976,380.9990976356813,22452.63556662493,1
5.7637728070588325,3.253200106695462,376.5813885225825,22025.69660620265,1
7.276863125209032,6.08377235388592,475.6460514984069,30396.904618808283,1
7.493290815928302,3.7487469097257824,501.34534699223616,9465.323904989707,1
6.116023979953149,3.98430882860984,458.99293585127856,22481.027318227305,1
5.226895232238513,5.13805579043723,475.3323570992948,7907.330440971365,1
7.036752103833548,3.2279407989275133,471.4774190350361,15097.024064230003,1
6.42064020641154,3.13994027416726,473.0648236129786,26034.52819812165,1
7.669012536518329,4.589512953061839,407.7216132768046,11579.441692754332,1
7.128062255250418,4.5105952635743645,419.3049802150047,25227.5451533956,1
7.036752103833548,3.895572062268123,512.2323064106689,14476.335695268315,1
6.615350134913252,4.453443264734048,496.36356153263193,26392.86361186488,1
6.504876222341177,3.748443401102416,359.9744365849181,13403.086388826136,1
7.459124173217744,3.5447515214258827,534.1669972042212,33173.49940936154,1
7.036752103833548,4.8048285673375855,357.3585666063637,32269.504938120437,1
7.096047101005687,4.785637377933364,442.5435994770917,17240.021064750897,1
6.98944217704844,3.8530475500412127,303.59679864385123,12150.721922563564,0
7.036752103833548,5.493180964193986,617.1447939880537,32328.714811575148,0
8.297725877791718,4.166105473671524,374.1195224685182,20320.10845267344,0
3.889106956840228,3.143430669227733,371.2693735547996,14686.283390031202,0
7.036752103833548,3.669056835904268,468.8429845012202,28990.787882222437,0
9.380007092014502,4.5662536959670295,498.31306197045353,32471.45632350266,0
8.998375022679106,4.51693298505062,436.9215083080912,21790.01089646696,0
5.690387424364925,2.9886210311193224,498.28297824317633,14083.829887957978,0
7.301563449379409,2.7749609493035416,478.4670470173596,23441.267143294197,0
7.031684050645781,4.422182857407584,371.61639710329655,24510.50755840066,0
4.348674993039846,4.3609500512264185,295.74952523058346,9848.035582779446,0
5.29419539028417,3.5224540932121378,570.9750270653674,26811.20306837564,0
7.25793099486329,4.266922561350852,346.2917846148322,24354.33517494322,0
9.25049163907809,3.996339179185624,436.49376156766255,22749.178352009774,0
9.68047477847056,2.795840129760072,461.3000945985408,32916.331477835454,0
7.036752103833548,3.0179849706530693,293.47799814332257,19764.62744497329,0
6.741245820881107,3.500970573893721,500.14289837745287,23565.73271037028,0
6.8117022698952745,3.2750084075928307,397.7871189026717,15149.489870972233,0
6.96694296188432,4.356931132830452,647.3499388419574,25441.05612229293,0
7.446089059117263,2.9486574387124453,364.1341733784949,17763.310992827992,0
6.2106476062546205,3.212123979887552,401.3832641880552,19330.035764975924,0
7.341547112170922,4.025643695758845,332.0842933832068,21273.45706642797,0
7.05139642582078,3.17209111406215,561.7907604656172,15423.387277635946,0
6.642613909578337,3.8077207988215465,275.071712253359,13730.259117124957,0
10.146290479832489,4.481552363497344,348.4840390940583,24649.6747478938,0
10.258615434291345,3.170993873808265,460.74526726991496,24008.992039567405,0
8.469537299759363,4.1495532982566425,553.3462601817421,15273.049287387006,0
6.043212070647804,4.196726496344011,410.9092889320161,24207.081673345863,0
5.841118839551023,4.237560417891356,622.9635747702412,17721.95955725575,0
8.114665425854785,2.6545944901639182,496.9897916305831,26631.2128742276,0
5.585116998353004,4.148342955341853,437.124664618074,22234.69673752062,0
5.903993500851966,3.820021215890335,324.0456807548281,19399.221972076662,0
10.258615434291345,2.844632740715944,468.8662638635757,23259.012448970858,0
9.57822672035757,3.419238761867212,333.0699110580093,33080.58882545031,0
7.094830833998159,3.628459628957123,528.2665234601474,18975.64349499861,0
7.036752103833548,2.5167691199719173,422.02707162642326,12229.298483672364,0
9.68726002786018,3.085835467046804,461.07020926238914,18752.576402797044,0
6.527440589533234,3.567180516708776,351.06378758695115,22444.0817773994,0
7.036752103833548,2.3734376939287394,478.102692765685,18753.211763658328,0
7.744772552356141,5.016321198997175,397.05747364178274,27648.159653420156,0
8.289224270217973,4.291001305314759,292.86081668296544,22526.27975320522,0
7.249257332525589,4.361486286173397,306.7822306484452,24311.90579413192,0
7.744098531468294,5.104188246479326,405.03224707684046,30809.705704277247,0
7.036752103833548,3.9868823350112574,421.14027833506174,19026.67284159868,0
6.890274539026094,4.100696951091244,394.4405811590347,12218.09594456384,0
6.04738085652663,2.216729691055614,333.53076836291507,20278.38298493814,0
10.258615434291345,3.761288428295522,463.4351017760191,39234.470183564605,0
10.16483855701825,2.9376862046237355,279.165435690376,28915.643223524883,0
8.722311224490616,3.009289196450496,612.3279735265342,20256.353065853567,0
3.889106956840228,3.7802587309291775,293.9175990871633,14841.24199556939,0
4.894278073597652,3.5949908641519697,338.6810692506691,10922.54199370329,0
6.071183421975166,5.036334153688545,389.3028091908815,14852.53068032341,0
9.032563450772717,3.626135877904554,342.7460401235475,24897.557030423013,0
9.913703796778616,5.554666740402974,541.2207701977802,32129.99630738752,0
7.036752103833548,3.4280959259455384,420.12071292258815,19919.324588818665,0
4.229224558864125,3.733139569707573,488.4558615128973,21214.37051481561,0
9.135451943607052,3.6436868025547455,370.9298085000724,32105.2871154118,0
3.90656751428705,3.204795725910893,342.408790968701,17857.716894287623,0
7.384048887654537,5.337987102089876,316.57958787757843,14417.979533041633,0
7.036752103833548,3.9136018398050982,534.3390860240023,8692.538151660434,0
8.524296362923824,4.343059523555191,387.08588727087727,12658.17716099802,0
5.706130889124347,4.3263943702932135,483.8240890399845,25815.609090216807,0
3.889106956840228,2.353338140211447,371.8471360273854,15900.79714505642,0
6.519847784240155,3.2722860861005483,495.4179535419933,14284.647917118657,0
7.910640914062313,3.88660268997553,294.1786393999086,16461.50232380661,0
6.587464616653873,4.096841156438634,504.9087519621216,28990.297847067068,0
4.300029339574182,4.58644840480675,424.2094002791869,17639.857939529353,0
8.5759391744694,4.002128659925306,359.8300725546534,15778.729395634698,0
8.88493450304863,4.714163452513722,286.8907767627858,17621.39011463657,0
10.258615434291345,4.681366362015815,491.2160334596138,31320.24558783106,0
7.036752103833548,1.984614866576952,411.47115105478895,31044.73818002603,0
6.946717558359831,4.934986029609845,318.883636337187,32946.56751781872,0
8.107091815038052,2.7691640707511267,517.4900494452992,24531.86944038499,0
4.90889972426162,4.196429496600269,535.2245167318337,13516.911494635013,0
5.098967067721038,4.333667364665705,424.6661117841069,21682.754770791347,0
6.09309191422186,4.523557774146086,459.0155542019981,21456.604421755143,0
10.033933455332264,2.9015354674454747,362.2621568252554,25433.232095308107,0
8.978997744647556,4.656316782296671,473.1503877389256,19030.7168755755,0
5.514747799369536,2.798158401578891,526.1123808132924,35343.628580103046,0
7.036752103833548,3.8089129537722095,450.361719643501,20743.348404224074,0
6.731278124219917,4.19048402938504,443.9584387558926,15058.138752539566,0
7.191962028701999,4.1027190407929215,294.91558417585713,15395.469081509713,0
7.036752103833548,4.9383891935347295,382.0567584065355,30524.093790630825,0
7.127711209793025,3.396184931416361,295.3858254933325,19309.57045437051,0
5.632040991917971,3.5119848366395887,655.8791400416264,19345.922475256382,0
7.036752103833548,4.411057599911063,467.4441542325624,13361.226016338913,0
7.955026340097655,3.955916726029925,433.91180390091785,32405.413860708893,0
7.775049500982394,4.699482755916054,371.6158604818661,22329.740079438463,0
5.168340328145769,3.841162624787827,357.6969709312958,17914.340231015696,0
7.667520860166849,4.618164704580524,431.86775673800986,25035.27104226792,0
7.272362197396377,3.996581369976495,518.6094797098389,16404.75948482399,0
3.889106956840228,3.8466069554090008,543.685833352541,9439.783992729104,0
7.036752103833548,4.688955206670496,472.09608968637264,27158.677734100915,0
7.692523533855144,4.522431963911939,564.5269736765663,26686.847940981672,0
8.157518082656166,4.469430538245373,511.5876640552089,27931.2084020948,0
7.187765846234752,3.784120779606519,472.2741221007169,31125.740433940548,0
5.68955434379971,3.732170265260264,479.2378524031464,17493.65042433673,0
8.758824521484824,3.527565358764985,518.385545618882,19572.14707975613,0
9.814247468572583,4.317531286512946,536.7206320402404,30575.94690238904,0
9.969273220889765,3.643379015016296,379.1379771688184,26944.681919087245,0
7.036752103833548,2.7578568378969397,397.2211508502477,18282.069275890364,0
9.149126710275947,4.8056412110796805,501.5669017618129,21463.05918843012,0
7.036752103833548,3.582882368510237,464.1846060803089,25623.34054925668,0
5.8408115544650085,5.049463526421301,550.1374052331332,16087.269710029725,0
7.036752103833548,3.772078072624743,479.5613624607629,18668.36382633084,0
4.981672050401603,4.475148490099612,373.6248781488509,20988.08780567985,0
5.42331849638569,5.2246548335445855,332.0500555927286,18020.84242807019,0
4.83857110672314,4.580371969196687,355.2754542666764,18328.40262015074,0
7.904053370906855,3.1372804215828185,548.1553826559827,23575.991430246937,0
6.7440642612684085,3.53412596272367,514.7485244986723,16304.52891880814,0
8.663974819761108,3.6892413611092696,329.7108394287311,29551.334147772337,0
4.16111196816975,4.16824218857341,399.2921708958753,25815.389206539712,0
8.515977267378878,2.165681681201685,341.7403446631613,28553.55945774285,0
9.999807460393496,2.6599776617235293,373.9367557334469,33462.03422070504,0
7.038092305552901,4.237697607399104,365.8452480411531,24607.088098483306,0
3.889106956840228,3.489938597434452,447.5942189939348,11920.907422128525,0
5.972599968396598,5.164944785353239,446.21935416444666,23124.577975713863,0
8.180755325786324,3.8454228047917463,353.5070141898684,25623.867503127676,0
7.010243375540365,3.279006327178673,574.5814343028248,26395.248778032088,0
8.179890443104444,4.295737731458633,434.5042382843434,17291.61825552052,0
7.036752103833548,3.215740139131738,414.6507252267695,24642.812333336464,0
6.865125275334593,3.955153709667539,553.6167334762982,13529.038758208724,0
7.950816583814905,4.543685406277425,474.8540389711886,20827.917578463774,0
7.036752103833548,3.3055877980979718,487.2736283493671,26321.689194583465,0
9.58118852272883,3.9291775435011354,398.4793172593071,28292.780318432197,0
7.274756854860161,4.271580716118446,418.3735820992234,21496.74513602928,0
7.036752103833548,2.816074739189638,424.0584184106429,11803.73549991596,0
8.026773255939636,3.735983475553888,350.57737021131976,19168.52677313427,0
7.879543234364988,4.066229363880946,517.576761929397,37000.9556741392,0
6.448971089901665,3.759326201339547,235.0422834749786,18736.190901684437,0
5.18941366922152,4.876272999617065,501.55972522210976,12289.900922124629,0
6.538084087098238,5.143750121633965,452.1872325904004,15979.060270378986,0
5.915806749510903,4.513200539470004,367.8540247749136,12431.803109917795,0
8.136497868762607,4.20418584976586,400.6118991277568,30031.83918131617,0
7.036752103833548,4.586748358609115,469.1321168532849,29532.61500346444,0
6.493764174632957,4.910911020512156,482.59570925277575,19821.338373094324,0
7.036752103833548,4.894829651096215,528.2800235575677,25142.73373834488,0
6.977405633483939,5.327584531962534,532.3420829575954,16100.967947448617,0
5.489248054892975,3.987012090604247,418.6420627869962,15979.334793250777,0
3.889106956840228,2.81725811654666,406.37201894127423,21316.50672840161,0
7.312109303718794,5.12387193452145,486.9837342968954,14540.735081878283,0
8.554096969890676,3.563609859980968,518.9443622126387,32112.569873527096,0
6.704431913040398,3.3953317425857725,403.4209956952543,13329.03225273805,0
7.036752103833548,4.515322333911783,320.3560138880175,18344.06944411374,0
8.02830424150094,3.915990810272195,515.5750970721565,20408.485598280997,0
7.036752103833548,2.9624329710874653,419.1315765130688,18564.37205508863,0
8.616824426419665,4.584565663354573,383.5270230518274,19126.29853724468,0
9.467129030386197,3.164187993708538,449.7239516905264,33365.3154156343,0
6.793698634577208,4.822958045746834,360.7556743175364,14470.053548847103,0
7.036752103833548,3.8511542403564745,389.030888830567,22444.55941199828,0
7.036752103833548,4.123239478994038,616.1213402260436,21875.21639673696,0
5.48605860232047,4.557707495106894,355.94243139204485,16639.215178592203,0
5.050748379982704,3.9302906628109806,373.74122847367954,18252.07598964477,0
6.246117565172954,4.755158013341267,478.7459453005034,27001.335319183105,0
8.142330913446468,4.704865930385587,556.6576435918513,29808.236904440582,0
6.8528990851413285,4.59476061363479,473.6433428746763,11914.463778156174,0
8.801933555312004,3.769831936118284,446.9924646420934,23659.2115198818,0
7.036752103833548,3.279888338014177,394.2460613156858,25355.99892143761,0
8.38376169055724,3.585736634632002,364.7948826757151,21923.87408517723,0
6.476139840300842,4.041580246514462,315.0781345609935,21165.59064873942,0
9.894562128568642,4.617532880225431,480.66761646294657,26436.03332650556,0
4.808039747375347,3.597759969232954,577.4913708048558,19118.050299183407,0
10.258615434291345,3.051607724265514,334.2116688511952,28652.143303733286,0
6.304971659666424,4.221305733897756,334.1786520352375,21046.4485168714,0
7.822491882508682,3.835332168411456,502.789395890753,22308.82172880119,0
7.989376233974929,3.648743737198719,431.5056768466973,16746.80039197338,0
9.671796765490882,3.895103865877136,411.8813745180707,30220.612486408867,0
5.941265555962168,2.227370875365405,431.969182207496,26562.447179006183,0
5.57475584790786,4.371806161291622,331.3303524988976,11512.46584166365,0
7.610509210594297,4.692217919448618,470.7403122826415,34538.54403773854,0
7.102446618231696,3.0655083720975367,341.43878051903675,23493.12086392092,0
5.152739798697215,3.842625171191581,449.9189927353634,25669.719919916693,0
7.301463637868686,3.942709368896421,529.6246176619361,23778.75871858044,0
6.104925813644357,4.13193258707139,363.6334032471567,13539.81166432922,0
6.001382440647675,4.03671976209437,444.8910438582652,22554.830087428574,0
7.036752103833548,3.830883636685994,346.311158574068,28504.997507756485,0
7.885678999417978,5.430349993501885,499.3616904289132,12359.63119396728,0
7.036752103833548,2.8576872045024406,472.9271937896435,23917.19014614395,0
7.679090583265879,3.186823454952539,445.37094397090425,21530.316230563425,0
7.036752103833548,4.169924018257802,587.841580613715,19516.89804220056,0
10.258615434291345,5.771714760283059,473.3139687976143,39116.68270569929,0
6.714862378221963,4.593763682023074,402.94655743700014,33197.15052685147,0
7.3496533769711,3.861684092322543,305.4173061302032,20443.135054903632,0
7.036752103833548,3.713109663734641,397.0549828114716,22746.06165910846,0
7.345138416508713,4.297994790844033,600.2950276026194,17032.773734140566,0
10.14708957613564,2.799440618470093,487.8788563196209,20642.588720232707,0
6.380717315013499,4.532019663169412,358.1854728641589,21250.935633712703,0
7.940646963676027,5.431836700227226,584.827154903463,15858.77817579852,0
7.036752103833548,3.906526284947749,322.21762886027904,31251.643732884517,0
7.786734690190797,1.9614754295823136,327.3804878867436,28086.87349764668,0
6.32304031407478,4.749424236071901,399.9474526601608,24463.13741785929,0
7.036752103833548,3.794033112326824,486.3676932685301,14550.41700543524,0
6.645657377741357,4.17065776273292,513.364946339962,23432.109730480184,0
6.014539831399093,2.6860687411094224,371.4034750992869,23268.24308114166,0
10.086771239804932,4.334122045645791,416.6410807669689,17572.547468069417,0
5.166225969826906,4.608319394330376,362.2172579006466,12060.0095271727,0
5.573201156513374,3.59962466050966,409.06657691189406,15613.160532842276,0
9.49455872615755,3.631107121693928,620.981005962607,28492.170509136435,0
9.03650434774976,5.66198446300676,288.5088072206311,21696.00324232273,0
4.400509038627463,4.010809122979649,328.399763492733,19100.087123976155,0
6.975392341170819,4.931460167853588,441.76515788709474,22685.684440355984,0
6.687749780088492,5.559984936815951,247.91803052825009,17786.763300483664,0
6.867521704142662,4.837268003830061,420.3334571223487,20247.201029333817,0
6.155249161058691,3.803908513723902,505.10837869734536,19781.610600182965,0
8.303263800482528,3.892667001906776,395.339101917609,16548.356729561143,0
8.64163407535188,3.4166252445077263,345.4893818653109,39557.2555330711,0
7.036752103833548,2.9942592099578635,398.5177031387568,22210.613083285505,0
7.348611231182264,3.544537267623399,438.0443314251924,32742.187332658625,0
7.573905933368074,4.410729144201569,457.63778639605823,15926.426007885704,0
7.855906367971113,4.15188982992317,368.4375609090064,19850.182892294943,0
7.036752103833548,4.013477061980527,356.16660206376963,18908.628257731278,0
3.889106956840228,4.833507857483394,365.2729653174624,18529.798030715072,0
7.036752103833548,3.514096506406704,437.4787786316009,19038.90190378509,0
10.258615434291345,5.14705527626746,425.86803918628414,33773.10706081386,0
6.396341051039925,4.445907180228989,435.2784338598071,20115.733587885363,0
7.036752103833548,4.006631571280796,526.7760805918508,32237.24543298235,0
5.228506322285567,3.1888054730050284,343.34923486341023,24855.907780812267,0
6.512239644597469,5.425794714477963,296.26078440075634,21626.563118526537,0
7.834319239941967,3.53293609627941,448.5640489626287,25918.5679532628,0
7.388292038904119,3.846830261190497,376.4888875499474,12928.64443298091,0
6.020653841390852,5.217131275201896,412.0117329737066,10529.310298989858,0
8.388322494203614,3.85477151639589,333.94619660685464,16795.820484218326,0
8.384296439201583,3.4609983762206533,318.04264782386764,27463.65479470091,0
7.393977956767953,3.7827275813713945,349.20962279329416,17939.704696020402,0
7.036752103833548,4.494459701511088,441.21619333833206,21983.559072561075,0
8.384623151510734,3.682780337626534,546.4823286723228,29956.36301758971,0
7.094802142633516,4.084660032563328,531.9594623887139,30045.36774143468,0
6.565319432045672,2.233894046042616,339.97699206431,12875.127783719328,0
6.381719579700289,4.657694981516447,344.59950927729346,20453.81650131386,0
7.539742094671527,4.210677839594846,516.3545597471516,26716.35970750702,0
10.258615434291345,5.140449466636444,479.4025091342526,14054.125487414609,0
9.228484208847256,4.829753513504483,363.9509908203079,26744.2315262742,0
10.258615434291345,4.340986728185262,505.36141742118383,31965.364040777866,0
7.036752103833548,4.795407220007135,294.1656227790975,22709.38605774536,0
6.021265943377032,4.028042400756272,315.26681128862367,19894.14759343877,0
7.036752103833548,3.7783021620210056,537.9966249844874,34822.81634277742,0
5.973951249276727,4.208923205336376,481.9019289301629,26804.10949146879,0
6.217579612346267,3.490002013654286,297.7636847142188,15155.548989159242,0
7.036752103833548,3.5244138421322546,344.7160528006032,36819.986844689935,0
9.130607243837645,5.288486793442537,440.5430990977786,19968.67783514229,0
7.036752103833548,3.978746921874003,525.9922871028738,21160.08973864449,0
6.095511874689899,4.302015722703906,444.45421125632566,16404.941420255524,0
6.195254905476403,3.138971386531074,457.068162296797,16666.130805000226,0
5.81456423425241,4.131911907800047,405.6213752727207,29382.33525834237,0
6.756659807295844,4.184873593047181,387.5621917102284,22112.74634590108,0
7.036752103833548,3.5503111429393712,348.8435756927591,26595.373543009056,0
6.369973529850304,3.42706637445344,319.7850761069275,13689.592073086058,0
6.601407394510328,3.973576405808536,430.5598517453319,19635.58825474065,0
5.651933841463073,3.8720271369929233,418.5432377730668,16575.821260333363,0
7.606066882417412,4.581477460023954,275.31714604250067,14609.976883468133,0
3.889106956840228,2.7799018424746342,375.4114700560018,17326.202252565254,1
7.036752103833548,2.619420878956215,274.696540079706,19289.361452747547,1
7.036752103833548,4.4318291438537125,454.55520783105055,16378.151575664648,1
8.111101031034266,3.663774941094516,348.9713948903876,35200.7988338764,1
7.116132606475939,3.915381677508523,424.00349933319154,25131.665278766144,1
5.28029229639521,3.835305907991308,635.8884840582251,13679.05690473032,1
7.036752103833548,3.346057063483423,432.0307099061292,30362.68394790395,1
9.808258178934237,4.481261240482848,367.04437911090565,34132.06797868144,1
7.036752103833548,4.492387447051166,510.0297247586445,26653.764965717637,1
8.01883160724048,3.188477333734355,395.7386305771632,23104.52038691503,1
6.60364071679867,3.4037984349167267,582.1106055828028,14598.025787498464,1
6.450805742930156,3.2755811820087386,257.0077176932619,19002.3146637915,1
6.266378409594093,2.936610534549435,295.6751366348994,28141.21649721661,1
7.036752103833548,4.90436657594971,374.5430685947028,16219.4753201797,1
5.161878763351532,4.320100540830725,485.3119535954693,18666.56363770437,1
6.984405530368805,3.406210457516684,201.6197367551575,18194.545310179725,1
6.791992649110415,2.914057480221306,493.1794165608168,30471.92909753608,1
8.309227709741469,3.756396830753752,456.53001893049486,24344.96669256969,1
5.057736411358974,3.163935937469414,580.0952245647609,11229.137777081483,1
6.908272154356689,5.405567222899759,323.88545374509846,19224.98628010973,1
7.243409878975713,4.466935915288811,377.6493439323568,20877.53484090427,1
6.164480227353412,4.834023096246113,522.8013984753659,27312.16838469925,1
9.160997540099476,3.542527792591825,568.4205678843352,28170.885101366224,1
5.277875568290585,3.6326070323383215,347.21945676336145,18404.050688632717,1
3.9757526579292986,3.666823798966989,344.3989116142886,17430.841944394433,1
5.685216462878775,4.066156997388842,324.42777201529094,17628.04305899483,1
6.93365391024419,2.0107286862843203,448.23463973025537,19026.01732868525,1
7.464485186199689,3.8805760174542048,332.0688250650005,26559.360897148526,1
6.071838864034008,2.691610394877723,612.0949256774842,17162.753926666857,1
7.136102612573539,2.5741917719754124,355.93723830298984,19502.538967194017,1
7.036752103833548,5.036017097278329,392.4333770325469,21453.3346619721,1
6.328553081263288,3.2658541365015537,489.745346423778,33315.94708164389,1
6.150595718406801,4.847520234035199,373.5482145326483,23890.893357943354,1
7.036752103833548,4.067414044403119,515.7549358993447,27044.959810452743,1
5.508155525691396,4.571406411209017,405.485509937086,12137.099596717851,1
4.761105184627487,4.581395077548666,400.45126841493976,19197.105514887666,1
10.258615434291345,2.88702293905644,403.8240026641189,32092.05838404325,1
6.676137319471859,4.33664848480327,299.8869966292302,27468.98017010901,1
7.973307535065096,2.826111940669668,478.8936156791228,23517.68101141075,1
7.352146037579763,5.864497891134695,336.91293410368445,13714.832635362272,1
6.990800830630459,4.3326398719810655,270.055393805813,19713.41152101369,1
5.468360932331922,4.93346794921327,388.7455015206098,12305.90541479136,1
7.835906989202026,3.183864093341969,474.9897732700027,17643.40714703863,1
3.889106956840228,2.8400972144695893,420.8308663494658,19872.85485390749,1
8.423084471695775,3.958608983759079,431.16746753358296,15924.799687288863,1
7.617014108815567,3.800552599356129,494.94553706024993,29818.095042113386,1
7.617033493510344,4.299543395683084,549.9873176434662,17681.272356996255,1
5.429334842369292,3.0817359202705807,446.8791486678479,15265.407564152069,1
7.036752103833548,4.58215729826292,370.27462103283153,18489.65250509375,1
5.49597599882932,4.901038222067857,300.3589720105804,18333.632664093995,1
5.092757238606061,4.636728696472332,452.30604162154367,28390.891358276323,1
6.2528102107865005,2.9217973892390896,303.4963734270565,27690.47478403692,1
6.747415283032476,3.37745052375287,339.3447400756494,24539.713164600576,1
6.640862809077265,4.708268601649437,507.128833334956,16488.04765596487,1
7.036752103833548,5.437429061426661,485.4231792697528,17905.480019297465,1
7.300990131038159,4.596347340478699,307.4333027094603,29136.33867680541,1
5.4985146932294855,3.074815427836984,419.51295764923873,21542.83003242949,1
5.652501287341676,4.85644419196427,456.2597910734381,25868.598733450108,1
6.1649272929056105,4.169660977577574,409.3576794213868,22805.61150481362,1
7.8519256917911475,5.20404417792976,505.6656389109513,14763.580113201528,1
7.221689439703995,3.160818481426782,412.32048977970464,13703.22037683134,1
6.578083890884723,4.890415758942131,400.7431603309847,24882.62516349484,1
7.859489939100051,4.498069165936723,433.4446652298256,31725.48776569772,1
6.073684981465111,5.249069810806525,413.0758196231533,11795.31357950977,1
7.036752103833548,3.8501348891737166,449.1780609772641,13696.009916766998,1
6.4079633358080486,2.954092652381751,448.8580061697356,28460.203396912413,1
8.646642950300487,3.3332426816293994,338.4978145035637,32571.05451770555,1
7.184697762508415,3.904063423060472,541.3060966740787,13317.468112041415,1
6.932085030049922,4.433285887697208,475.2102158874225,19530.473819160597,1
6.174750579100353,2.566048788361688,447.8054645378634,21504.138820970347,1
9.540252240007296,3.3295038991199046,493.83637899978135,31683.86459332765,1
6.888842932366855,4.512332449397938,465.3469791339465,27368.014339003028,1
8.174186267047556,4.709402884560948,418.6196000757642,31114.82083633101,1
8.756926859235552,2.9456717268238743,356.0757688500765,21752.029713266707,1
4.740056688020883,5.467935706130962,288.22129764576187,24069.33591470418,1
8.764495619256667,5.790838006076015,324.04737549460816,15978.036559255024,1
7.899451562181437,2.8537673494417257,448.66642331163297,15896.365936521304,1
7.402653150168774,6.091233163793407,339.737304406264,19259.19393662292,1
5.800034176989708,4.0744075716550965,405.51721995697096,13028.68845838264,1
7.08918418720376,3.2660285121463977,571.5755052527225,21065.663658448157,1
7.852206664016244,3.5324376192277365,468.4453961804769,22912.18957899364,1
4.945694700087746,3.782517460306926,346.64226740627925,23000.723137395973,1
9.77693205003625,2.569468001273419,507.0165727977785,23971.98951891517,1
5.153488640267044,3.749920564530525,457.8915324638539,19115.721861106693,1
6.884981084419804,4.584319179768512,286.92155809604844,14893.206395811962,1
7.608750191252161,4.627464223238918,432.20954474972655,25410.81187155738,1
7.036752103833548,2.290411119725527,421.87985373320026,23616.804622627704,1
4.901906856012032,4.103534274020024,439.0553561851737,13614.750925469429,1
5.711212506317297,3.9533349669675455,441.0865632549943,21157.179728977742,1
7.476689511613987,4.195539286347104,401.2348151822703,22171.31889817714,1
7.033495055020295,3.678957092279025,496.1982993571791,29322.74069720301,1
7.036752103833548,5.294159073122183,463.7476806193585,19731.749181312483,1
7.036752103833548,5.149542443249875,419.5341329799162,20784.56786015565,1
8.655298873146698,4.588758377714621,460.8706469496659,13676.753524467496,1
7.036752103833548,3.168031026202658,520.2011294285245,17766.252888023937,1
8.3043346530985,4.181254134458123,380.3234401601916,18253.18109546363,1
7.717076952182754,4.967975792277656,495.9149193452208,21400.016496453653,1
7.555822759422741,4.099168690603565,524.4659994857778,29411.628645120265,1
4.881729593763433,3.05019758470709,358.0463181713947,19105.01490287327,1
8.311271181077604,4.4620457379771805,479.0323203403781,20562.513390890872,1
3.889106956840228,4.473976075064174,382.22437008112615,14904.940386800152,1
4.083594880123227,2.974870902771941,435.5115290431588,20555.965488803144,1
7.036752103833548,4.575874147599674,359.9520067091986,15618.135242204173,1
4.865069696444607,3.974972302235226,333.5043273962235,15222.246443946577,1
9.62472688627138,2.615257476344298,394.054835252827,25175.75415819416,1
5.188776875456335,3.769503907225608,404.56112927225183,22648.23755279697,1
7.842979001264934,5.109312362176544,566.3307047973911,16827.192866686655,1
5.916930488243061,3.157559520446912,428.8327463475267,27977.673208238462,1
5.729689120388078,5.100552354171285,471.6799014205503,14304.763082849506,1
5.678220967059215,5.429781739947604,359.7747111404619,18377.008261408668,1
7.386581819694894,3.7913725882785383,505.1879288260669,26351.903773837865,1
7.519227463461571,3.2757249591599726,315.5204353314492,16897.307040908778,1
7.446225785014987,5.0866985617202864,529.4590745941816,13312.446107003378,1
7.753936117609168,4.833026694103558,385.0450025893611,17169.584382234276,1
9.159660476654182,5.452362325257576,404.6591026534681,16679.33516427072,1
7.496990927216014,3.837926004293759,357.49845925493804,22631.65772706926,1
7.542300167142759,4.317553511769741,447.2593533112469,18877.493895411564,1
7.159052990497457,4.291668966809951,330.5504526671393,25591.840984167506,1
7.036752103833548,3.5162378046280005,372.0023185483472,27151.31290232548,1
5.844673795577308,4.3380560876593535,533.0402104156283,13615.109758022078,1
7.036752103833548,3.3846485053932147,447.2813960938399,35418.73503990262,1
5.258414736632194,3.7307927875940017,363.5707948586598,29228.334683492816,1
7.420640789488351,5.423767330031326,523.6027139514799,18463.72212677624,1
7.074251443801101,4.878944115790008,518.9771529514926,16739.266635207718,1
8.189213850977879,3.709508878038789,288.3514710571789,18432.47651803924,1
7.744130993509203,5.207683455238749,314.4258338696744,30586.592663308227,1
8.289857906323226,4.289236735135712,514.7330831520655,23884.131478628336,1
8.025220020635544,4.134942729310314,376.314445852985,15457.498661666325,1
8.848927372187074,5.992325026682801,493.8554892420236,24417.86132450149,1
6.438421803670398,3.3803603938404394,567.2016748697974,26448.24508746797,1
7.036752103833548,4.459393979995632,404.6721081170455,17029.53489268212,1
8.205550719357213,5.129527820006001,346.540728905403,17414.52062317062,1
8.310373671963342,3.493053886006752,292.31583653898724,23260.472004700023,1
7.036752103833548,3.980920352299426,487.4345547624096,23103.65353882712,1
7.833970823584208,4.814916877070632,442.7413888492462,25694.87370551702,1
8.142660400879283,4.617093489122915,366.80248357875263,20111.22594768277,1
5.896432475240334,4.280792929244013,401.74092136204655,23022.16894532676,1
7.036752103833548,3.490172614179791,402.6006571806636,15617.458576764207,1
4.310701499826136,3.1723754914035887,426.369592491061,11842.757806247517,1
7.895769121117427,4.391731338483637,517.4366759132656,28723.61762656382,1
6.862995092159006,5.343285034332101,556.9562713683235,11579.11339840144,1
6.30476863013428,5.109934757659329,339.11658699813364,30168.606596499063,1
6.578680569429318,4.292042179344561,547.7021368533116,22374.82490970597,1
8.96724410982202,3.74225594357064,343.26555649359057,34446.782262145745,1
7.036752103833548,2.848370818146627,493.4402439630333,14202.193804903422,1
7.423088086315854,3.712681965458997,460.8942123709673,31073.031337988625,1
9.166758132730486,5.429266409418421,317.58336710620165,21736.981798520654,1
8.468694414938106,4.375598892354405,374.99468956000806,19148.224744060237,1
6.486152659745713,3.246794304771333,382.8798437483793,26807.119511805584,1
4.439095783352975,3.844230760680544,515.6312051072605,20864.340465449102,1
7.79278353049359,4.047380786186089,463.0193727210285,21093.932204726243,1
7.205218263646112,3.465331089346429,398.9188595378218,31315.614387158545,1
6.569053876389385,4.204699128535813,308.0860503290929,29123.708303808296,1
7.036752103833548,4.164772623814826,305.8275349204158,17540.742497737258,1
4.291687729728828,4.61608855445448,548.5744616651789,18038.474365997183,1
7.036752103833548,4.403876807334038,344.4204347864156,12674.67277275363,1
4.921093903334441,3.285186850930748,337.77305146404314,14126.590529994382,1
6.727185265204605,4.158248534758004,473.3300783045845,26012.48874565097,1
5.757088957380868,3.7301854671420926,407.7417132811492,32415.73362384456,1
5.842359064086903,3.86529596711091,310.7711778686101,29644.81360596982,1
8.848103019208414,3.074799305886774,411.14743309443344,19793.97186728503,0
5.866250667826014,4.281313459019756,414.4270167181951,19679.062670213112,0
6.020995362815591,4.806016624928021,437.2989953181805,13095.149160657458,0
7.529929502630923,4.585321994452448,325.09975596843776,27062.065888519344,0
6.649705311159435,3.085178509021315,564.2031775243212,16191.42609113293,0
5.0977862263181,4.829323363639572,445.5626437926245,23590.31371232569,0
6.483994507852924,2.6886432854606426,374.6757382756219,29032.78110347406,0
7.036752103833548,3.3999454918012777,422.38929182341286,12037.7703855776,0
5.669699209078309,1.9101166454023035,378.1203925080246,9544.862670775548,0
8.127710424418524,4.244173211474281,409.7422237803916,13227.052382407164,0
9.106916914695542,4.186726398762156,294.3100807523465,16879.524769770767,0
7.575757883896304,3.176432526006715,532.3111875218963,20855.272321145047,0
8.246369053777844,4.433256610390339,369.02921276876,31080.43207563619,0
3.889106956840228,5.06998277048037,456.2331895035061,16829.393039119645,0
4.964070341569739,4.76170080448234,353.06993876447683,17694.574832976854,0
4.991396889652936,3.9265987301511833,534.7114545006893,44499.72870971962,0
5.045625730051444,3.3317866407748085,450.29569571087154,22557.603596394933,0
7.036752103833548,3.469561085530682,547.3253177708582,18221.085342175687,0
10.258615434291345,4.88051238141723,433.476011349698,43536.02087409114,0
5.7753308887641,5.164259921170333,535.6525598606431,14710.72283062666,0
9.01210031314688,4.962329207225059,549.8271420293984,13064.450591186154,0
4.031610444420666,4.03793915512632,342.97901255999545,15105.373098295278,0
7.88212394746559,5.364172169372378,443.8947356793568,5477.347214769689,0
8.759488714536651,2.8895781098103392,443.5480064899328,33364.918122879484,0
6.65364951527896,4.871406193456357,389.4711493571496,34816.44453767991,0
7.036752103833548,4.963535103139469,386.4176405562309,22060.18687164021,0
4.473882085450574,4.893656690689322,433.74439165589314,30013.70074850319,0
9.349469962360622,3.778022672484786,349.81608434385635,13137.490762302605,0
6.862936025532809,3.8060932559249823,325.72174702513456,23580.657290482413,0
8.261405952114934,2.800428120229178,441.0525705702477,24870.82594127374,0
8.860324241725671,2.4766744197524457,285.4124362483411,19550.299680482232,0
7.496510679592297,3.3634032575749067,569.5692234467325,39423.66606481486,0
10.164173337271418,3.530940954727128,487.6980520817313,16522.715753614277,0
7.036752103833548,4.086175636933568,625.3467724892172,11532.223177828448,0
6.039823242055416,3.923766074944689,374.7947193794346,9943.637598533212,0
7.036752103833548,3.240419096520532,482.44502561272526,12675.938962030115,0
6.057904774112318,4.269753245404226,393.29347792755664,23603.501870040254,0
8.005016372063832,5.288776596554314,437.3255073049786,44831.86987314956,0
7.036752103833548,2.676593519083002,374.3178878103501,18519.16249443314,0
7.038347516788063,4.575578404717106,419.6622002369666,23951.10598657168,0
7.036752103833548,4.478070476621262,434.1984358160752,22256.950364593784,0
8.237091873714283,3.6860744730197146,445.55590080286686,24414.97348497344,0
6.574083863949985,4.977323507740182,385.0189505628823,22723.80995899501,0
7.338107609571772,3.736379595420893,465.499870662076,30042.92850642659,0
4.851103882370328,3.6441068937291146,346.5203097336013,20227.643783021307,0
6.917920215961807,2.6914851352386666,428.9480234120351,17862.14273245675,0
6.709336439351165,4.074387228438908,284.77445891221987,8238.29003830498,0
6.894050878953207,4.568843222982035,641.5860870642371,17475.467753769837,0
9.864727092099823,3.701895298447844,486.6379375403772,12978.197125527036,0
7.036752103833548,4.903914479432386,344.5151501291694,26894.14489019024,0
8.039696863248341,3.8260632484284898,461.2097797450383,8201.362113225236,0
9.824706476038184,3.226035359326217,498.93351854944046,15120.92471624182,0
10.258615434291345,4.004161299520197,420.60764907664463,15177.21819016283,0
9.831401690527043,3.3118081384490137,462.4397372237297,13345.369098444477,0
6.528479452805517,4.0632764275187885,491.4779237897906,18533.33782762714,0
4.0914114501536405,5.952324819621305,482.2944042361673,24252.45882437874,0
7.036752103833548,3.500848661792521,503.8430011343108,12962.389672891964,0
7.036752103833548,3.1653909007410843,447.3946851344006,32600.42940605805,0
7.036752103833548,4.323989597567092,474.1478985256791,36520.65869741918,0
6.175164949384786,3.3413692911239643,414.902017213629,32875.19205735977,0
8.73612638374922,3.368532611305949,506.3759337873192,12726.298639170123,0
8.240945815161524,4.666295331297613,344.05687098640897,18001.459185846255,0
9.152284708947713,3.7927771004295474,395.4043622361933,24560.70060600152,0
7.036752103833548,3.813435553007681,407.0173979114756,11609.997158811822,0
6.317576553625639,3.399047913765313,573.8147436477269,22577.81893506734,0
5.692124156757815,4.682390726356548,530.072519956057,22396.209253823825,0
7.036752103833548,4.115320543495385,428.6613981506554,29508.4928139997,0
7.036752103833548,4.536181266097956,378.7710756220023,31421.144495479497,0
7.191493718892235,4.320683960630699,411.3020865894416,34933.784401356046,0
7.381108533992378,4.342737529662858,475.3018836576125,12320.512291841798,0
6.172517370068869,4.12998499476456,467.0904245987828,10498.635153631812,0
9.076317993707086,3.436985823583103,311.7970420567545,14153.64337792511,0
8.854119540039433,3.461350424204644,467.08844165236695,19258.803073279018,0
6.7680600489552045,4.145806701539799,461.5304455961213,23793.03135773165,0
7.036752103833548,3.109695767607044,393.5132564546976,30573.066315029697,0
8.543216836760848,2.847875247872657,631.4986230649531,33037.353386549745,0
9.564853066461303,3.182805358542542,410.3224303156306,17156.336705105805,0
5.499787730339284,3.668220482707948,287.2860573596849,43195.47366849412,0
5.1959206693648685,5.375901893717908,484.27989018962126,33473.11251835836,0
7.283913577235948,3.571862512137936,449.3616792723671,23112.504435315772,0
5.872439859467661,3.741067232809489,409.1135117518084,14343.423206831076,0
5.735723554720852,4.7329535713429145,568.304670635809,25363.01659441048,0
6.158424006182359,5.080497554589536,453.7059933325262,26369.026569982736,0
7.2943644330256765,3.3365823322327546,342.5013872422897,41569.95198509877,0
7.054266774415682,4.780615831540402,396.052781798829,7450.074375057894,0
7.036752103833548,3.151767824317796,344.970362936582,25973.326630596028,0
3.889106956840228,3.4656378359366347,391.8413032158793,23257.20883365817,0
5.665266376618309,4.571823610842425,550.8175640099519,31883.01030653362,0
8.310938776156911,4.408559683629245,348.61854331491566,7929.504748550626,0
7.096098311427181,4.569760035565905,365.400809197269,24548.598298599503,0
7.957113516429416,3.7298733005458473,333.156538160031,20425.766490432838,0
7.40023858050054,4.880119767695945,518.7327779448756,8136.071590569004,0
9.734619707554277,3.5065029938769525,383.94753730403824,18976.23307613725,0
8.037761108429645,3.572519001665757,293.8334657305052,40368.42062703652,0
7.036752103833548,6.091233163793407,426.10371511648304,24538.43729286854,0
5.681810748088655,5.37515660940302,468.4726009646001,26373.495428417216,0
8.394509584685622,3.7124728343256175,476.57945644874286,23961.504534871307,0
8.528292137777413,4.596923506361629,388.137753838336,27352.343414506515,0
6.238053654469459,3.8483069668474856,287.5729465846254,21919.59343509553,0
5.870615501212626,3.728785236766734,427.18253097731366,18909.846005859374,0
6.433726195268951,3.117918258462248,505.122015274296,26755.718839104346,0
6.069363893970801,4.914809132195682,450.4413518403725,9323.218289777264,0
6.660461917426393,3.673135983203847,439.1213011349973,9632.730976373949,0
7.506111456769499,4.7440066912633,436.396995229965,31920.584694496705,0
5.895145558138062,5.075214287652746,429.7662232666164,14704.906246105586,0
6.44923665656657,4.0651480018614885,421.2968495126904,12812.557124143954,0
8.550525459441477,4.591997454258289,413.6735860767769,22377.2729499167,0
7.122637439985312,3.750446964802988,411.6160702743648,31295.902409509665,0
8.558663124002488,2.590635463496218,382.6222745428622,38767.75636931063,0
4.624304290590603,3.424250048768879,260.56616359428097,22981.74941112276,0
7.036752103833548,4.117287901677459,486.0593044064352,19290.56806763281,0
6.091382724208516,5.075519615924211,413.2483341416232,17279.96219835077,0
9.658661976447796,4.6393865551816,567.7842756927254,20269.73127975584,0
8.115624506544236,4.4088119398732255,421.06032596791965,15513.012580820465,0
7.036752103833548,4.45464130113273,421.625238071778,7845.4728910408385,0
6.914868152466825,2.9886114436022857,521.320673044623,10343.378848293443,0
7.337924402194623,3.935513836805475,500.3864688722259,24266.517892957425,0
7.766114454212289,4.3999023132719,464.1085950195534,24145.385761707465,0
8.433974835689948,3.1677123526669337,426.175253225193,10823.300365108884,0
6.891549222025178,4.958936840904343,508.68114494211017,13376.680471923562,0
5.946160789485686,4.903632078861019,499.9375020854145,12767.656228824468,0
6.363836377773103,4.03898350222683,466.5925435157815,9844.70229260938,0
5.331799285360081,4.734873906917863,285.9980485407315,19693.90677215798,0
7.036752103833548,4.799012921311841,542.2114325536916,10634.059045381007,0
8.466013448224412,3.946620539760018,330.04471458219007,22523.124552114183,0
7.426274011029841,4.363335813318021,590.5072220153669,36990.95594709379,0
10.258615434291345,5.749585831041931,374.0216552281401,21871.7851725781,0
5.708517435331991,3.344284853666156,577.4028099868964,12193.611261347412,0
6.559627885261048,3.664463030864346,393.8204120332017,22624.03418163004,0
5.606315225526715,3.7487405069440447,399.606494141034,12308.233835478626,0
7.036752103833548,3.887361927071367,344.96706395847934,20311.402466290318,0
7.036752103833548,3.66686969365282,478.77308323919294,28988.70234332061,0
7.036752103833548,3.44029961478404,375.1422770879712,8722.153021570984,0
7.539337775748651,5.114128667825761,343.2427106223277,12610.936307246897,0
8.849702725492898,2.9876715235886198,356.4767227244814,20129.358792085717,0
7.682762474412737,5.044306091718337,360.10744050616614,12723.34210107979,0
7.036752103833548,4.725347454549987,571.6288923424781,24445.987539531445,0
6.448191031909269,3.932210320679033,353.6042916029809,18460.678930218124,0
10.199412694268364,4.384868014016786,552.1621808069771,28703.75114009072,0
7.766186660186794,3.6742254421508536,482.4062360912003,14945.29566061532,0
7.036752103833548,4.129300910378934,323.81211621457146,17540.576642695825,0
9.75657762790083,3.74900925781602,337.7135685501509,17940.099080400287,0
7.036752103833548,3.860806603165301,377.0679724052103,44831.86987314956,0
6.406797812679788,4.573968264696438,398.7797463906008,17851.064020849422,0
7.036752103833548,4.697040686340625,479.6997628561709,28864.910280691725,0
8.445219158974174,4.400705861502303,361.7053539670713,28966.569326843928,0
4.137044912614196,4.327356026643432,360.64807839886765,17101.95156861621,0
7.675913621057367,5.040460814701462,232.61362402653705,23673.10060598764,0
7.036752103833548,3.5584448016334145,487.55649299616505,20976.79177763301,0
5.701100970110508,5.956753497788005,378.87385464972425,17121.505917055238,0
6.376576427120522,4.161585514695004,486.80605077046766,41243.03802854971,0
5.517737316420501,4.523106007500935,461.92898116329553,17638.322473218224,0
3.889106956840228,4.2904350458230125,456.51227379334506,19639.79600228036,0
7.558076302469553,4.16900526664164,555.9329912072235,16642.884178436914,0
7.387433763492869,3.830577272004085,356.8058547224708,11694.635285297503,0
7.763415106574563,4.113536186706407,375.0728751001973,20019.26121482609,0
7.036752103833548,4.252220379574883,386.3075460767547,24820.49309120567,0
7.509350205118649,4.321856146871566,266.3577439142132,17045.600094950412,0
7.036752103833548,4.659394533911933,472.0640909647271,22331.237876497587,0
5.05727054567867,4.432270873166642,518.101816131548,19003.963899014376,0
5.830542048973098,5.192116650426924,494.15450474617086,30021.25707852206,0
5.859690474378696,2.747332826860612,468.3769554337167,19231.033290458727,0
8.891674050856766,4.522599229324436,461.0768210368309,41801.44183689757,0
10.154219072428932,3.730899268667571,387.5894272002113,24755.960255672813,0
7.036752103833548,3.581036881421095,433.2764907304989,32102.190705252207,0
7.683156515101875,4.78132309399482,372.8039093210936,25475.8848438926,0
7.455541163214249,2.9303645961216582,331.67382444251,16242.0602812753,0
7.036752103833548,2.994780121985052,367.570081636856,37820.047327483495,0
4.8118324898032325,2.8609929488436383,521.5615612656642,27547.807056356603,0
5.720136479125319,3.5132554958442737,401.509481048087,13463.852418845432,0
9.961503136754189,5.215590495080511,457.5515592245331,18743.22249362019,0
3.889106956840228,3.281920559169844,261.4352151594753,13691.094972435034,0
10.188432654950685,4.635243482549487,437.8795084739577,7105.800708757526,0
6.262907281727785,4.5949191563642495,570.2882599968038,5157.053599876038,0
7.399811393921775,3.803723817903262,437.3669087698364,28630.954415716587,0
9.271668544453812,3.7442036323060304,467.7523179288561,26912.22841698465,0
4.704183667003456,4.138994399941143,289.5375294678856,7028.839617265691,0
8.654792650142806,5.148137887599708,416.8703326101443,14799.31146415062,0
8.018771948965188,4.356279098148036,494.6204406572959,27405.316211764228,0
8.18936335603807,3.688298056277853,605.4657471003279,13197.56681452117,0
9.341091803370398,4.598786500022123,294.58283245107896,18254.11065602348,0
7.036752103833548,4.122850190557185,475.2957332778015,18593.22263601365,0
4.891960039961394,3.9042699551582665,496.8728454764106,9559.54739235584,0
6.056817844582385,3.3580608070454523,316.9217755347997,4440.277357352502,0
5.655117422470192,4.401152242426085,469.8950015549349,19271.90312346903,0
7.890263352659877,4.636738762684457,634.1181328033695,17645.06533969323,0
10.258615434291345,4.256415420544105,400.3307975835265,17083.17508543493,0
8.81147224773704,5.58739598761068,437.515421436668,12138.4229544071,0
4.126581310415113,3.504750791059393,392.1091455257916,40528.80535252192,0
5.735358658660184,4.085054788353829,465.5548936998726,28628.15185643749,0
8.000775801322487,4.519209517780029,396.3765542840935,18419.132883475,0
8.77504747012084,3.830698864046188,435.523397545285,21768.640743818403,0
8.303831038249468,3.3926567014093307,368.2844943663672,26030.618513623973,0
5.082241431687362,5.056378662464013,413.15863613027193,17739.198960066573,0
5.813546487993315,3.721425933150612,441.59402675603786,10112.207322290684,0
3.889106956840228,3.676245974726413,580.8707591437523,16017.6118961435,0
5.913374863624714,2.4998319694156934,427.0409816717847,14467.785926491071,0
6.783023739620584,4.778808149718986,501.0185347496342,8213.772244714322,0
6.836059947015487,4.95250824745396,494.4842494689976,18321.327501510958,0
4.884388228619609,3.616700535246352,386.1040001509584,28392.42497620195,0
8.331553235054374,2.692388879566732,406.24512876558725,11635.772076239662,0
7.81965915392936,2.402337210865,413.2089485139823,16403.952381052644,0
5.428356913745278,2.847843537561225,400.3934374892375,24930.19881121592,0
4.556656719060655,4.392257324547549,483.7457161392814,14400.71862855609,0
7.333003447205329,2.642003806281338,490.62529134689737,32358.538595071623,0
7.1143867193719466,3.762682465763934,497.5236046476758,27022.70850479579,0
6.376950463991447,4.284387095962003,311.77290011697585,16079.361250418166,0
9.33823501843064,1.872572600841316,505.6774088556664,17416.80177954899,0
7.036752103833548,5.541322279631281,524.6456427603447,17429.584949659697,0
8.933877610085764,4.374796521715554,335.2405111582438,14179.622740757455,0
10.258615434291345,5.477700313791723,331.12049587292546,21558.308741146284,0
6.8388167067275365,4.776536254772465,363.8034764766292,11877.236648749766,0
5.600876517470604,4.362033669355959,368.3599839519765,20411.664380714097,0
6.1025333060713525,2.292573781243537,525.900094922427,24196.26441490278,0
6.490922996455369,4.372333382242299,476.9167255566883,30453.623185522123,0
8.506979070074129,3.8817938351483177,555.9197962034071,20098.19951797769,0
7.4132883405347805,3.290105906261202,300.93349153001304,17465.345582051854,0
7.036752103833548,5.146442623782875,454.96981206764906,20197.24766773848,0
7.586235787902423,4.351335081254766,402.7994966727517,16409.936560013983,0
7.103348375140523,4.417193560665691,268.4408502490151,4425.426440298955,0
6.153495923977116,4.819970457896787,344.71697552529366,44831.86987314956,0
3.889106956840228,3.6292177681489743,503.9103898314133,11684.11163739329,0
7.51483566596394,4.299732160445903,483.6580284429556,17017.429960403075,0
7.445189293060908,3.637894581214215,402.11561603216313,24741.53499922928,0
4.835297728180936,3.633760608001249,567.4636696236504,23031.215807155997,0
8.376279724659616,5.703962806658419,433.4498994315984,27824.190483374845,0
7.945909068934831,3.5854312498873027,478.1667104571711,16769.89054626555,0
8.727778876323073,3.831540450516013,461.95881193567845,25521.889224175808,0
6.089430846297192,4.366860919211035,531.7689877890376,11339.166054617472,0
7.172323075211824,3.0842156404583103,525.031020156224,14702.05906858412,0
8.332953484844603,3.40829958802318,384.7291623763276,18881.79517764528,0
7.036752103833548,3.95509083425873,375.0820594095009,21460.83815963781,0
4.563370643484322,4.825179225576871,524.1080235682906,13490.608147782808,0
7.036752103833548,3.52248646263634,378.1542339078276,30050.43944645153,0
3.889106956840228,5.461473095749794,599.7292459226587,22581.224488235966,0
7.036752103833548,3.5171530228599703,330.35532264434534,23133.66235290509,0
7.889079734906216,4.034040700765162,453.1669866413552,24974.692773772986,0
5.5257685450431415,4.401412624381881,363.471851126453,16113.010553529986,0
4.85805560159329,4.130972246502359,337.3880348305506,32886.52889859088,0
3.889106956840228,4.318516117496335,433.7096721327479,7408.976195914595,0
7.1175786583500535,4.333401737047984,380.5782648244125,31528.94868997698,0
7.822257362901787,3.080865918611655,593.483602346069,22411.006863644405,0
4.334057805514532,2.6135320972149896,387.52183305951456,13351.41382996239,0
7.036752103833548,3.259749193787483,487.42163499985935,10039.538375695814,0
8.839583902216155,3.1180394543789456,655.8791400416264,21179.76258787499,0
5.290666876847178,3.530573615782637,464.57333821732254,9265.104947513526,0
7.873271692669199,3.306392909436918,315.1899480242942,25337.12296312416,0
7.148440931892334,4.308569820911373,525.884832982694,30656.16311302757,0
6.453605209394529,5.568264940032508,376.5248871279276,25257.64928627955,0
7.036752103833548,4.940014517196936,314.8341750163426,20278.33827161957,1
5.654118943459351,3.4662644582513105,419.0973060519303,16431.20489706385,1
7.650683237261012,4.043710883697663,425.3363524592642,15326.925014361675,1
6.4182030571970845,2.6709767469328685,391.6674663783132,19617.308493681245,1
6.848000112594903,3.815227608716361,397.5364707259912,26296.948300252538,1
6.991685152928785,3.724823560337372,460.14617415464585,20389.593815747437,1
5.924799469006341,4.188927903696815,277.5880745769892,15413.896147652376,1
7.526680395036496,4.1482231286287385,449.31753395481263,38468.41358393036,1
7.036752103833548,4.849755347855416,337.6644115494392,36640.37136619578,1
5.324641431045321,3.652003355217872,496.9976016482841,728.7508295768456,1
9.038326068974223,3.706265891722728,421.66448244657175,34353.839725198755,1
5.945988643250958,3.7933292763371305,471.1221252068388,12356.90562217442,1
6.195086857984779,4.196558262262504,425.5028736721689,19331.1940423265,1
9.062822324592789,3.730369857064929,434.3954389767979,27959.926160914205,1
7.137428697435654,2.964181350437086,304.23948088461,17506.60880253229,1
6.232010556459672,1.8487974931046152,325.3447060796601,12149.69673030878,1
7.780868679242907,4.602026774692102,563.7199666725719,40483.73038912539,1
7.150046115062049,2.633890804064505,365.7391216578084,14708.47418515277,1
4.574124682109073,3.086499925758962,372.20013890001513,22520.418640021984,1
6.179312077651539,2.951960935251281,509.7721104912295,21532.519232080427,1
5.566328462754787,3.424760733829153,388.0503622880175,14574.66110047644,1
7.036752103833548,5.136779753078214,372.62352926831016,26561.569491317667,1
7.185167714343043,3.9558469776104976,501.7854199862957,24909.78314722172,1
7.036752103833548,4.141552313336079,344.15422833174625,13943.244973660278,1
6.990452676633395,5.184441994818037,527.2058183861027,17679.351101001837,1
5.810742057236217,3.4369668618570386,494.1529743470612,25419.551655141106,1
7.444165851996699,3.820865704129012,524.6452350998102,20003.4976805052,1
4.374877631689642,3.030107847333986,402.2711824297717,17384.257185795246,1
6.602539771517404,3.5924960849831398,655.8791400416264,21607.483238238598,1
6.857493757803479,4.306581068206637,412.4346768867728,22603.64945436473,1
7.036752103833548,3.888177383128361,276.58861018264633,19486.191112150933,1
6.789820821454213,4.5120682052334455,422.48202893411946,22527.681207020963,1
8.560349290980842,2.939212581325054,500.586607820739,14254.66131588101,1
7.036752103833548,3.787475537347365,415.3383368798727,9943.92978526269,1
8.277058197816894,3.751324090887501,561.7611560542605,12715.814279597913,1
7.036752103833548,5.068469997878655,289.74667444182705,13711.723281811464,1
6.921257043340869,3.5403842778756958,531.6574429387377,31177.133368775983,1
5.636923560026004,3.007138098511581,317.8309806971181,27283.780654727874,1
6.607503310701949,3.447111218633033,443.31577488370687,26420.80956413201,1
4.951413520154646,3.870681284651756,418.3301951097606,20117.359061039177,1
5.913132932597382,3.900211313902089,563.4099696654001,40847.76014638122,1
7.036752103833548,4.706774891746261,365.6264867130661,15873.034428156288,1
5.796236902009642,2.4836433968894216,571.613700899304,15671.11928668336,1
5.039673103915176,4.864866409455395,490.3327614715601,23027.549759335318,1
6.163519015359364,3.477244889243602,411.1835886977137,37282.52249023743,1
6.339142826418309,3.3557650163097223,372.5116274171839,16364.159409157835,1
7.61067277645396,5.404817647950804,394.59540591035824,20511.62083191808,1
5.782079033854955,5.059361568255062,525.5329651390581,25366.120686890383,1
6.451503543212321,6.091233163793407,386.5417614408622,7990.891467648895,1
7.036752103833548,3.68559289638376,548.870510162091,44831.86987314956,1
6.920448700069692,4.498818335873909,487.504368020183,39251.18212911576,1
6.549187601426585,4.190311120790964,424.3980267319668,19236.012494926068,1
6.3932313449189255,3.6443881273520127,326.42705471809035,17258.114034877264,1
6.100245391093,2.174898198676531,449.94828652782576,13886.809713477494,1
6.3594313098556325,3.636494910947968,336.58561043285806,23347.17270988485,1
6.272474990901286,4.612535780383918,448.5682597789129,14642.205540005174,1
7.036752103833548,3.6002204377572,448.7879639198399,23469.22086693208,1
7.493843860854462,3.8199465596846975,375.50306244103007,26678.392878738523,1
7.63526469216248,3.9483035163532407,370.56102702169966,17796.374638357433,1
9.097617417474694,5.473663248895655,437.26353132033125,38413.05708961672,1
8.040144167343296,3.986459812349238,360.9576787634873,6879.764653372923,1
7.296908882387336,4.671448182615176,367.9048021033115,15931.429225597616,1
8.22680803429499,2.1887018433563847,354.9262268283152,16472.192309271515,1
8.014183072060874,3.4170761989488176,309.9304282029631,30566.767504053954,1
9.25289339735736,3.566434730432753,329.9227653683522,12855.346238177452,1
7.288112706816173,3.626989960403898,384.69495523570447,18979.981691997367,1
4.865444268085012,5.070254359377525,533.3032206134925,32858.48309646261,1
4.762828659328944,2.471786245060302,522.736232995813,22777.532069498076,1
5.141506876714266,4.510578266177086,315.2296649504816,11288.634718378024,1
4.886379803626396,3.227849086219344,448.0508658299424,38633.30516883611,1
9.454119448104636,4.0586260103019,431.6130013390234,21379.963927406425,1
7.000523220722731,4.333688587372011,483.3198806937969,26012.130277781263,1
8.323982150124747,4.153782657266314,538.7922673434368,21292.82875462119,1
6.643158712135614,4.562197671215202,336.56150104700754,32873.820021715685,1
7.036752103833548,5.709690240551309,278.2606083658911,17835.3090128928,1
6.758656470581755,2.743890221761156,484.6087110686154,20666.453159471203,1
8.628893415492303,3.071350370794229,392.7068863553571,13688.074338907056,1
9.794717848521511,2.807129774600525,576.0460834739301,12490.55827605843,1
5.376078292034362,3.629250321506012,347.56506646308213,36026.40155635119,1
5.603325960876688,3.9004213611254857,511.4375201166876,36873.55798910287,1
8.592417714156252,3.7012879418226263,328.5584399484513,33013.47977434919,1
7.266781485544794,3.9198270449578096,400.62498730718914,27468.681706961732,1
8.064652809050983,3.3241126143010957,490.2803525532353,27172.89357293617,1
7.036752103833548,3.71095753994514,395.4487992297591,18406.594175572456,1
6.336456502432508,4.561219815198779,490.9724264608488,25927.26543187954,1
6.1663482229269535,4.816304243581658,217.35832957837812,37922.90561590639,1
4.533399113632135,3.188640741905024,385.656123306354,30301.856674397222,1
8.951652135487269,1.8487974931046152,406.3091866023873,15189.327822031712,1
7.210773702067905,4.462408040870791,441.524088334925,14230.419130765456,1
4.238282524808328,3.787425889312188,402.427173829804,29344.84447648613,1
8.264090516352203,3.4105107155681607,450.8574914603334,23556.934353273347,1
7.893312711115429,4.097360116401124,339.066071471725,14444.289598021453,1
4.855587760461034,4.697153025520578,459.28803709314167,14905.255911832408,1
5.230453969096887,3.6956151117926663,307.91807510159987,24790.724599455207,1
7.017295398626637,4.899611272468954,512.7684389301344,20169.34425193036,1
4.941972156828116,5.076146746327639,352.0390921282106,19806.411303229328,1
9.638222268227196,4.614369673533872,278.25142365833653,30739.6890854019,1
7.337399849697425,4.981833942925027,427.9306866458345,18543.499362354367,1
7.036752103833548,3.735204450885166,315.6043274084115,22656.714624811066,1
7.036752103833548,3.2919428728664184,521.8735150665893,22665.138527587256,1
8.257596524670312,4.528574925440666,528.0686584836523,20109.02627037874,1
8.315267620031083,4.1285253608325965,446.9549100852281,15077.850342877471,1
7.036752103833548,3.293848374019273,524.000355172102,13677.99404000127,1
7.171593554534841,4.62273611029743,462.7669762065741,22431.026986889174,1
6.941278904431053,4.178959771570964,480.8785435518915,15433.134836912068,1
7.036752103833548,3.9792968666884017,384.90651624541937,13766.330789042637,1
6.888547603133792,2.901432044137745,393.4931552922741,30722.29823264939,1
6.8331110185961625,3.02157359521932,415.0974384997248,31461.19675997045,1
8.247958056143684,4.723230705859027,588.6991933996939,28327.16733816442,1
8.922379799883824,5.821825990151662,385.8747994925713,21963.476003375603,1
7.3560567780554384,4.549916839518295,428.753103595545,31409.063978837024,1
7.036752103833548,3.893326831733837,445.3458752967511,26148.53787266999,1
9.75270322651984,3.4221104746990925,580.0035335754574,10194.32541115761,1
6.844141767435719,3.412853174713619,398.046804298961,41408.11482166175,1
6.910765112184391,4.340148944480579,487.9323102949239,7764.438021536858,1
8.80184604561893,4.031495952782075,399.2835622955296,13121.171942689456,1
6.283103588064353,2.663920733696861,470.8215689069791,26188.162173561268,1
6.35403811007823,4.935240394248478,355.5273068455246,16174.4337385309,1
5.928767339528974,3.592912289891955,459.2609613873423,19240.05820156024,1
6.8236420060869065,3.386362671790524,544.0110745033851,14053.220679296996,1
7.342231249416264,4.261504364251519,448.1516693142082,35273.97622922741,1
7.14601971618829,5.393476357423515,484.442964824564,22445.1733031336,1
5.089387791182689,3.0540452006756715,498.7008895433159,39659.87689806039,1
8.594217251084952,4.48954479397793,517.8446739686019,29706.234224271426,1
8.149437297610588,4.949257360747264,461.80454812006025,23978.10768273247,1
9.271578532993324,3.549608409738088,504.6167925272964,38886.38767861533,1
7.021617480943761,3.855636250178683,435.6743930542932,12352.811105129527,1
7.83336100102891,4.27097313834306,443.6291232113895,13394.731607479194,1
6.643734375617576,3.920607408198088,291.0847438189947,14110.9209679882,1
6.761413709046804,4.350206872394596,526.325213716472,32156.819438954968,1
7.243482154402432,4.763578511529136,322.3652373888966,29772.019247449647,1
7.990658238533358,3.160917458532662,638.0001822995924,26951.862653076325,1
7.612516822631869,2.93959347170948,341.07492458185163,14812.970644801802,1
6.080992868571669,2.091786839914147,498.4540986722841,31321.0824263096,1
7.888424514936055,2.998065930668415,490.8951089950268,15761.871366279853,1
6.658833571629886,3.969740440383512,434.65898101880754,16828.88059669601,1
7.036752103833548,3.210752658318472,465.3308561251105,23495.307483305656,1
7.222997560406464,3.966258509567033,435.5738877753308,21314.86978931212,1
7.036752103833548,3.1256087009088547,517.6268878281727,40611.71331919785,1
6.427720560503044,2.9044533996755977,352.7453698304618,12215.40908259904,1
5.023380783822836,4.477351412174476,454.8848090531006,15040.841477655327,1
7.036752103833548,3.789195950500151,509.0628334635237,25795.6936351192,1
8.163999617620284,3.67308809381557,529.6818065825521,27414.899122937924,1
7.036752103833548,3.537040784668471,429.2898954320752,17505.852735168726,1
5.272156458908084,4.063825853972672,390.0120033463213,19015.46827486608,1
6.903074330528872,4.473887010766568,601.9852229466272,17947.988113640647,1
7.46655835764527,4.991674870778567,358.9095885991457,16679.67362202795,1
7.397650662541773,3.0784787878788222,376.4821710041306,26730.635333884977,1
7.036752103833548,4.1135850300896575,311.7500192169767,30037.22162465193,1
7.036752103833548,3.4065631996849204,366.9262934148978,18465.26504171556,1
5.53953369002387,3.755660187275043,437.3416552011855,21021.41825917061,1
7.376161138266742,4.0102353937852335,357.37293120052715,17181.008813677487,1
9.318613915632229,4.642719286485374,476.5103844769183,24497.873935207102,1
6.701940911688224,4.179449580997948,404.9307262933357,17176.87895065498,1
5.5475762631029415,4.448670726124141,596.6504951962747,27417.99804290247,1
9.001822865226588,3.976873452391297,561.6870033606198,15379.912762902462,1
9.130768886836288,4.771443754534465,542.8067817707314,9929.194809860886,1
4.077920470156396,4.78905205310489,307.87757100128897,9975.60133394594,1
7.1252110755305536,3.9080753459125,404.7045963253844,16701.56597534472,1
10.258615434291345,3.52919095680354,411.2644649895598,13475.912773031614,0
7.171223722909929,2.2090917998705097,436.6024359703054,13163.031278326584,0
7.036752103833548,4.410673878237046,336.142004500941,26003.16326545588,0
6.977744099966936,3.5306226939577465,333.96856768978546,18622.444795556585,0
6.357166719993876,5.222077291311566,527.9326363981594,14782.804221441487,0
7.036752103833548,4.464243686429189,406.3404245381011,15629.762334635085,0
8.339436756896689,4.133696121710745,452.3375200261596,12629.853049233752,0
6.276956510097866,3.214286497191318,445.1861329946232,25590.680244191728,0
10.258615434291345,3.112317481644133,376.9038205163984,27671.52260010992,0
9.87179123237563,3.652263830808236,490.4518347329697,27912.90826267047,0
4.317187353941982,4.078277144763918,446.3413191739493,27163.4578756059,0
4.227537385918204,4.479628314203464,402.6607735191696,13122.329581176047,0
4.140077138692398,3.1675825705584386,432.5111966787743,40626.847810230574,0
5.349997296912594,3.838721385483184,431.4760403079216,31795.62560626323,0
7.578014307935787,3.503818511432529,517.4830565730041,19944.57311160331,0
7.710137890814498,3.8986708026972754,437.5140660747828,31017.239417661684,0
8.330743318988178,2.408049128547934,429.2255002041538,28919.81177526052,0
6.510972334665771,3.9625251101758447,367.9345550600072,20081.74536239565,0
7.036752103833548,4.128746146713473,599.5460191383654,8667.720239089313,0
6.9343105827538345,4.210975272536809,403.2150907193596,13901.644681098873,0
8.618653849249895,4.141341848770995,343.7400071993143,11595.35498487888,0
8.460963963587503,4.728493823388889,547.9116799321619,13158.848362486711,0
4.004248332658408,4.445946435865923,354.439531283324,32821.850090980595,0
3.889106956840228,4.986069330213056,493.226463387201,44831.86987314956,0
3.889106956840228,3.1850831676181475,365.4916791554963,27179.404819722284,0
5.660736311071097,5.016187558860874,385.7480533333259,16488.0175125724,0
9.396148399484137,4.606058055039483,503.7936908722023,25825.387005076976,0
10.258615434291345,2.5310748546478967,450.84636925728,18464.9007746443,0
7.036752103833548,3.776099720401672,395.78562300499647,20857.90821926595,0
7.8179012805146595,4.622667687389199,460.5992142125421,13742.145965163592,0
7.036752103833548,4.266869045131157,320.3547808944436,7460.247260338701,0
3.889106956840228,4.948442555998784,495.3798826950329,12937.246890752847,0
6.970036693982143,4.27528772019042,325.79239956029244,32037.60547052181,0
10.258615434291345,4.345012724758552,589.6281054893342,12887.193762055927,0
6.588007289609895,4.216454466143605,330.91481993767815,23898.97447677574,0
9.004352169514855,3.5278934709486345,411.1936210517867,16544.82750374654,0
7.036752103833548,4.374332547150972,393.8377507241946,11582.46258427429,0
4.328282515586857,3.7085258632452858,543.716028645934,30592.54883105967,0
7.417823926645138,3.4708120786488497,361.10176943442553,320.942611274359,0
3.889106956840228,4.280669331366605,424.2128100944347,28760.00684408382,0
7.036752103833548,4.742163225987996,481.97993436874464,12318.403885882264,0
7.928831288871604,3.413572942692293,389.0056782191031,17444.814449921712,0
7.97532990104869,3.306129016543918,363.8535788368086,17182.45035907184,0
9.504157787679786,4.343041372691288,382.4730046177987,19946.2646652382,0
5.158722568170486,4.094605278206265,325.2025697168124,33892.24595068642,0
3.923473633078401,4.582982365865108,292.390155079548,24200.353482392493,0
7.036752103833548,3.6732395577842394,480.310714248869,13852.531903215133,0
5.849778285365157,3.643815887541561,596.4032156995681,27435.30656081618,0
5.890870358820865,4.370776559745803,281.54445162396865,34920.03934783447,0
5.963479205038237,3.7278133228957,284.4970261350037,24435.642080113397,0
6.106759636289104,3.924967064282447,389.5914400911419,39430.30782271887,0
6.898932481849855,3.688455553387866,396.8112143857839,15422.220893205324,0
8.091812332148193,4.370031238360665,432.1899313966691,26472.69180287761,0
7.611982388879645,6.091233163793407,577.4447127405397,9138.02934425656,0
8.88697933200267,4.731195077016265,378.6589217915079,26062.447216871416,0
6.532097273862361,4.599324041143387,601.0329818069805,8240.812709357408,0
7.833980482334359,4.254477177044036,338.2311222952338,11174.274760041037,0
10.258615434291345,5.107236013970264,366.3126720990371,19359.428816294152,0
6.782868548051976,5.468590847062822,435.0945740311392,25366.797904809864,0
8.288765459923367,3.5805234612779118,525.0886107113272,11234.04147072334,0
3.889106956840228,2.533996269917253,439.1127646925047,31145.11073871464,0
7.528980405257183,3.644409765433974,379.3392930771983,8129.734919236011,0
9.764658133573889,3.0245711775061466,512.3318462889422,38781.45742184306,0
10.19166523931888,3.403422697598267,468.3713868157803,13630.047308080362,0
3.889106956840228,3.678588221192268,403.2437351708769,39233.09883885389,0
7.036752103833548,3.027946496632832,476.20158511042473,29513.804859552896,0
6.657793590506106,3.868925701517684,555.8990376906735,18844.037030605927,0
7.005230139691345,3.589865760483302,379.5988064306426,26597.58644737425,0
7.036752103833548,3.761633184058843,381.645130872058,35044.371280297135,0
6.227841921598111,4.599573326595357,531.6307209972657,38976.0352139622,0
6.3927604591582,4.421528142053679,358.17449357422,19323.677250204684,0
6.088022489133808,4.173083496432676,387.97063524700513,23567.13287541304,0
3.9613890465892574,4.09296589972163,444.7942767179921,24028.40540573667,0
4.275159672976756,3.7328560505383,508.7920977971788,26098.637956382463,0
7.301903491347546,3.4306991879662263,487.3333212872414,23565.17840440943,0
10.258615434291345,3.6349703957714343,383.1995849168967,25702.518673064544,0
6.798097459929966,3.571622599227372,470.4935448476128,35883.78011032254,0
10.258615434291345,3.132253296074809,357.5225994193591,14158.157282676424,0
5.808238633928169,4.819063730480007,325.83135972889204,43110.50372146368,0
7.036752103833548,4.886633785371213,356.3690224100897,20461.252710219946,0
5.67933046540694,3.292071094767518,546.8951435157636,17909.115625700586,0
7.783305612895872,5.045619628382069,372.7649817493216,24789.354734008884,0
6.316470521496127,4.902735485533553,463.341216610962,32651.802764338703,0
8.605374455470146,3.665323340605604,264.6994734696039,22970.957278860453,0
7.036752103833548,5.185641934752974,403.6000242988084,26281.29781212906,0
7.057552645613959,4.486402626885769,393.7404972001215,13129.14984194092,0
4.850104171409935,3.8853855181381753,392.7004931377779,32808.307503166296,0
7.036752103833548,4.775120946563509,380.9746722788243,31606.34882629806,0
4.5609165358431625,4.1236217363003,323.78327706621985,22939.144376705925,0
9.130828108445352,3.074134304700189,509.6617816298283,11643.66347576501,0
7.036752103833548,2.840893065983159,386.5085992841989,16110.18364335346,0
4.233558617035277,3.5156720788235405,355.8170972680058,22185.763962956345,0
5.571019711316263,3.931306748154382,434.05125330700906,26138.097610454868,0
7.036752103833548,4.825701798028204,424.7796636296518,22911.614485971444,0
8.52714249773106,2.649423905095601,615.6111669278922,3413.08163340648,0
4.570854412606884,4.484185987055187,460.7790583154997,44260.19117940517,0
8.90373377508948,4.365169641644011,317.3492443408267,13319.495705340682,0
9.459930509926664,3.322889737953824,433.1450049151196,14450.17574688168,0
6.040281662132799,5.7615803220339,488.274930061853,20472.874587935155,0
7.036752103833548,3.9789326559790976,354.2703448184502,20412.283907780704,0
4.66349219217203,3.742293454202677,378.1490001555316,41452.62557425522,0
5.726336215779158,3.912289081846988,307.9875511048973,35899.280308832764,0
10.258615434291345,3.89498862443327,593.7257640524164,18846.634913196507,0
4.281522088672812,4.3711671683417785,306.69250419342893,22330.466787311063,0
7.9484883721691055,3.891124346326485,394.7679885141045,23602.18783183379,0
6.825647036962729,2.8044803845141923,447.28911533409513,12838.914372603773,0
7.285371191083492,3.6944820469170487,373.1902821490745,17375.97074480394,0
5.984941214650305,3.4886752740390854,392.9710196692629,33244.5555969906,0
5.368988344377341,3.737882779977894,334.81995443651584,15973.686891197172,0
4.016590232603383,4.417134152553989,442.3851181934442,28612.266106918007,0
7.036752103833548,3.170543086971916,364.8062731549298,9959.1350153987,0
7.719000805137069,2.8848187710564264,423.20353345406727,13939.294022009968,0
5.9837312940398855,3.849382769796561,443.5439340412618,18438.82339460093,0
7.732601708635223,3.854993745978746,453.3856317377736,18445.74345774687,0
8.847880710565029,4.143450991614013,386.4641507477815,11705.072281969924,0
7.561832947775752,4.03215034240876,397.5879743330805,23254.0096194587,0
8.75856005645011,4.444375641530267,371.9151708220489,25564.76756368057,0
7.036752103833548,3.228379217091306,422.23486057105725,28791.614416229462,0
3.889106956840228,4.768660397450635,421.1834780149268,23535.0289007381,0
3.889106956840228,4.943032174246396,456.9057035035981,16892.895661907474,0
5.801571267427695,4.42537756358649,281.08503234854834,15327.879723449309,0
3.889106956840228,4.480108576205011,350.5404796207255,23103.410444128804,0
5.143587480040672,3.0961644901713825,389.24214752706166,32740.56466119368,0
6.6282561973074925,4.464457184096776,437.9186252990834,15911.357508753115,0
7.036752103833548,4.762871709109083,552.8790336670374,18592.08391958237,0
3.889106956840228,4.2480753693420485,427.2167644660192,44831.86987314956,0
4.497585145008658,4.965738556348034,556.0329223405597,27768.382870133544,0
5.584124358081074,3.852731892748421,366.5581312021816,29999.98700535768,0
7.036752103833548,4.858164685873184,459.29837847720967,16034.45369903539,0
10.258615434291345,2.67344087146352,376.1021037638319,15824.822709011038,0
9.13079589890256,3.0257073692803504,453.8735707211663,28273.603243437527,0
4.618850846633238,4.322115889209005,312.2813818387051,27174.68763756465,0
6.931244178141836,4.89795711765109,477.06297483944144,24359.47041421294,0
5.602158585181398,4.067048744823668,530.204760125255,29860.275777016297,0
7.520518926663479,4.227765963772117,545.1466502467048,22160.81966223421,0
5.58246981997149,4.048113258131365,452.0807653778561,23512.83795722908,0
7.992749619333389,4.062907043028831,468.6029981020903,14610.41283216292,0
8.210357972710824,3.716663875021242,361.6143910515657,22619.239931021333,0
9.901930594363924,4.226949553930562,426.5348074742217,13180.677800723712,0
7.036752103833548,3.732339331231006,399.8386617026264,14064.899154832416,0
9.405875050804864,4.033733317238236,398.8062463827533,27180.057189222098,0
9.58789502997377,4.666916974276835,323.79486235142434,11351.86185617761,0
4.633202516472866,4.751858815287916,456.2148284792014,29307.12894458043,0
6.901111019881917,3.61649834167658,450.2529740439127,21103.30318824115,0
7.79555762878438,3.629252282459239,471.41335648522914,26484.51531637415,0
7.036752103833548,4.59253797924015,371.4829106557067,19909.938849114144,0
3.889106956840228,4.928839979650702,583.4488493097667,44831.86987314956,0
8.398261060278296,2.627862469966988,498.36537661237526,18003.257284633095,0
6.255149748918091,3.146482535996279,295.04249226405994,24316.16333992184,0
10.258615434291345,5.005193167286548,260.53175818559777,12253.303388605282,0
7.036752103833548,4.008443471887594,283.172007740677,40581.48680123331,0
9.347344621102474,3.615151099257613,512.4463050206832,13749.59603662392,0
10.258615434291345,3.472067461528145,447.0452134414225,15102.237427658583,0
10.258615434291345,5.063108914843383,561.2062376872427,21820.29587508433,0
7.036752103833548,3.954964291727349,401.7313382997792,21919.47016261208,0
5.287982807934926,3.3110340047208244,464.0748499377378,27733.71309889203,0
7.617524134239115,3.6983173972917056,355.4255317460509,30308.231180576546,0
7.149124567592087,3.787033414567679,301.9842395216359,23158.38909647046,0
8.651389726569342,3.2664097400709085,444.8435840256904,15901.285161146245,0
5.290004370919174,3.532322498228877,480.6803917021801,28697.004827070024,0
5.369584180846635,3.3574844355981,401.83303573343926,27199.64199265838,0
8.74727152353787,4.764707507859535,333.6392821015578,30348.24365070316,0
8.040392261051977,3.017795963114114,394.01773247312406,12999.14480401679,0
8.550427814830229,4.903869628421024,347.82432822189554,10453.087323267704,0
7.739325711303171,3.645785495110913,273.69713915492014,30412.37233126128,0
7.104594898620113,4.76305799060742,348.7329370678058,18093.97216209058,0
6.988206154718959,1.8996830017290975,409.0067884769262,33357.51586288418,0
7.869781869538917,4.219575577587189,364.5776034677032,18608.65629705439,0
8.859696040242188,4.575331195431778,476.2317098188568,20231.517645479675,0
7.397544009543939,3.9471378883607935,428.4147839334657,19797.10854291745,0
5.174896031870469,3.4450280799498847,501.1939500272533,12871.551219887571,0
7.036752103833548,5.03749221567298,452.8902973724083,32328.538264193838,0
5.47098182179818,3.84401987082408,383.8710546413385,36435.79351381371,0
6.711814601241559,3.41364670316115,463.51029741803154,23936.275332312147,0
4.933106138281651,1.8487974931046152,493.30406865072496,27771.08013351939,0
6.260891633792807,4.3973861916141885,522.3012315577494,33809.22470073784,0
7.693555234691673,2.7506959054782114,404.8239207884093,21856.145212583404,0
5.622807134660068,3.9929569014268287,408.4590810069099,16119.340190397354,0
6.174884306431656,3.623297792732569,297.1126211262145,23006.242223252262,0
5.039406776379789,3.1269559002913,515.8071822194082,19336.608073355797,0
7.756939183465604,3.8703388472536906,362.7492199188479,16478.071433262532,0
9.809996386872031,5.538200508227339,438.1792466789875,16819.42317944786,0
8.4795927987054,4.221265968887627,485.0931670137117,14901.80814391939,0
8.862867931189149,5.758675718947986,529.0860026368656,17465.09588584397,0
6.15573862424869,3.68597582848833,351.6267335114938,30284.494869139427,0
7.287286375124328,3.504265054731857,406.56479354776894,18085.502817623244,0
9.065894193686976,4.2995025459430085,408.9012696246163,20260.40369215635,0
9.314522391908303,3.092940473017639,373.0441718548715,23087.21765865113,0
9.759937780953084,5.381745881823552,343.5969579315956,19945.368305961947,0
7.985406393829891,4.752451739071304,377.58420310561297,17583.08033488389,0
8.108350799116819,4.7533581835009855,368.4549914437797,26730.19261296361,0
8.24309098646176,3.5507168314887294,514.4900120422469,29461.023770200525,0
10.258615434291345,3.500166975577911,585.6795888322865,18869.212089820558,0
3.98903207830178,4.409414175563279,399.0471808706921,40175.206091417465,0
7.036752103833548,3.832478702926656,349.38523535374304,44831.86987314956,0
8.519639042501984,3.4272514067406243,498.5335778272165,14578.96131141724,0
7.036752103833548,3.882003963008942,349.86503636736944,20004.733627551104,0
7.036752103833548,4.64778224578437,332.4879934062864,20992.28167736533,0
4.495357678948128,4.962899585062542,382.4080743898848,14080.833708523329,0
7.036752103833548,3.878664155467921,543.1149525312113,17777.100086110448,0
5.620533436430034,3.4394758481933128,414.061545184682,27852.097438661614,0
8.552993664768604,3.108673907255499,316.2575133838311,10452.724414318913,0
7.036752103833548,3.860347610223498,269.8175391182222,20886.786562734203,0
10.209955798031316,4.112597751648249,410.56817199963297,18413.096819986466,0
7.036752103833548,2.5456313453594457,338.5677576666739,21829.27314846263,0
6.588207965322447,3.972255856460901,527.449342027736,35263.61239925808,0
8.558388775285017,3.9462277186114703,453.5711626270173,8535.40295572258,0
8.42690635667539,4.244513927400452,390.6908998189671,19576.530381129185,0
7.207538608272426,4.295189193307992,555.5962106786567,15796.3996983279,0
10.227689694262509,4.786329820343955,372.5327524807853,9546.129215154651,0
10.258615434291345,2.2773586319376298,553.4889233335263,16175.22194412561,0
7.036752103833548,3.216414002404394,388.2492992614705,5576.628297064725,0
6.580043295312247,4.756446279122354,474.6276911318629,27668.4857194752,0
10.258615434291345,3.5908411283530883,361.63205468222696,23989.990150725997,0
5.093675134769971,4.552571441876335,271.63073825352404,30245.95697484084,0
5.26428380172951,5.100239664952599,443.7592310363813,25556.05312803757,0
7.971298747449369,2.439140008548254,376.91221168815696,29827.79396925428,0
8.3503510398453,3.507227581181632,294.8760562690446,17177.78878280838,0
7.036752103833548,3.351766902910961,409.4909989233753,22289.727086089424,0
4.032060533561112,4.8142350960663,519.2133703660545,14720.544828979062,0
3.889106956840228,3.842109416766354,473.5500652595829,24905.28452100044,0
9.842056293598295,4.179197763329108,432.332405574233,6785.145302691251,0
7.664628096551665,3.4874068798248765,436.3356220967888,33918.04082347813,0
7.036752103833548,3.1983438599807616,490.7661905591799,27197.3024410022,0
7.260319681766154,4.282314756372282,312.3490170800076,8127.071253987583,0
9.537878628968349,3.0245566409360234,335.5548031990471,20044.206252319666,0
3.889106956840228,3.923093197436791,341.07837903416186,23039.328505396858,0
7.24899119805637,4.255979651269639,345.35657568350507,33123.44297961029,0
6.96820896010586,3.632643889529804,393.6769575025494,39995.18627184782,0
6.150553015211817,4.810537179481996,279.44706566597955,15017.747281118674,0
6.300755509276121,5.708111882566888,458.83540577966994,25668.198954461957,0
6.920799599365547,4.915733469336812,302.4123743213301,13477.381585615329,0
6.481890279167193,5.002360532741289,504.397152163848,34698.62116044991,0
7.036752103833548,4.454964342104219,364.9194924218992,16429.907902459956,0
7.309596473979961,4.048202462876381,426.5619276201299,19343.149511401392,0
5.9672742278667465,3.914543611457913,323.9626950494488,30846.585474123283,0
8.631270000435086,3.64094400316757,444.1081116537782,14880.651798256704,0
9.1726245193336,3.686395201554108,420.4291096371746,11319.10623209237,0
7.036752103833548,5.564901543179248,378.2538694501863,23084.066584967768,0
3.889106956840228,3.3001918826882606,352.26407394793955,42310.82749816953,0
10.258615434291345,5.166903483042415,503.9641099958293,12355.344107252762,0
6.283678794634559,4.480771310094809,471.9040319656132,19905.436547735968,0
7.036752103833548,3.543696299058859,465.88395466644624,25460.3007927854,0
8.76176840475976,4.673547854912695,488.5995473883909,14168.924869029612,0
6.616730690411597,3.622379241574248,417.4650801708633,34277.760399691986,0
7.734569203344947,3.821455974564911,395.1149612095268,21776.594455022525,0
6.971577181951132,3.2263485005753423,414.0673542810895,27959.987873012346,0
4.7091867471804845,3.860083951626073,371.26484280956873,22291.418577314333,0
5.230003189525934,3.045612105934353,440.35537377319184,27971.891806145053,0
5.274185389589794,4.364426391731812,489.4345906195336,17605.535759032802,1
8.43344310417292,3.8247341378467112,411.8499494676316,12833.461241077755,1
6.847863211692964,4.9211957300136175,337.5731511678991,24456.174888097576,1
7.263545070215379,3.9505297370836048,478.5150811723671,16129.706923294783,1
6.733266882930834,3.765693648104585,424.6668217064328,6193.330562324434,1
7.036752103833548,3.691946509639444,425.7970193068897,25498.329539880902,1
7.036752103833548,3.399725616068605,400.5176611909556,8729.096217461693,1
7.77766536646659,4.683334812674568,520.2850940450035,16780.11614682852,1
6.103731304612343,3.383048919634983,334.94973918912626,17977.52564891564,1
6.665774201161871,4.903553219156194,425.6919559344481,30610.047900416503,1
7.036752103833548,3.757799099489597,378.3175326624119,10171.710103327809,1
4.959852811105887,3.455044818343884,527.4796939805289,9887.830754527777,1
6.397905013801276,3.958543451376229,334.2698796287448,22057.051786181903,1
8.1403444634267,4.362792108070999,423.4559056800464,44831.86987314956,1
6.8506254182690025,2.593833679642705,438.3473270723619,15338.0616411657,1
6.714776879687881,4.684853470075885,303.9682026929872,34558.40266734972,1
4.33711946912069,4.401635259788382,530.069602099354,34355.61842683239,1
8.433290823974154,3.631542932175278,479.9959053293017,15904.243358955971,1
7.274212566762742,4.710256299762649,300.0199103361062,27198.43259077055,1
6.579184951031363,3.813556320666148,405.2769118788481,16700.034872558706,1
7.036752103833548,3.4531255004247314,327.3055580292028,20006.22910887966,1
8.651023362891474,3.644278971793858,399.6910675025163,13207.860965906144,1
8.35761299314161,4.366242227773332,404.4926142301905,34989.04708052216,1
7.036752103833548,3.5225861734964283,463.1151743023253,29298.07426157908,1
6.658741558086449,3.400987615145624,620.4489634810792,25172.58575933561,1
10.258615434291345,5.370457701027556,655.8791400416264,38605.33153004213,1
6.332386866369147,5.159001749466259,233.90796511138964,23073.063966144608,1
7.036752103833548,4.238535197148056,332.4725420271164,22038.51162084492,1
6.730427772496591,3.961942034758809,320.66786536144025,9258.767076148217,1
8.297783199991656,4.239220571845264,295.6539573721195,20316.42668466925,1
6.259267532952487,3.9321419587747375,399.3507088667543,9734.677103081169,1
8.076126298096359,4.291355257945636,479.75892351602624,10816.273366562233,1
5.7310421388707296,3.675807027324031,620.3046389138948,1351.9069790965912,1
6.563356596837224,5.2929501812464,415.8172189138516,44831.86987314956,1
5.303764336866174,4.024520850722231,465.83053937185343,6675.682244593603,1
7.647871554133575,3.0786727238215774,438.8009607469559,29000.589711925488,1
7.036752103833548,4.678745035353083,499.4281331505026,33784.82622980125,1
7.951451170491509,3.886882385706481,283.8772795417849,6108.795734261221,1
8.832142260904973,3.9145118853536345,395.3873371419826,12171.024549095238,1
8.250830009047863,2.6047078453451737,412.9471155818191,21616.633855183747,1
5.860574154812488,4.277241101939487,491.8754180313328,18321.992317911503,1
8.182103306174486,4.605237762146883,370.3213952045733,19642.394421052297,1
7.889579344955965,3.2273600819458808,354.4826891811934,41210.66698053774,1
8.713482927093239,2.9221949791917066,478.98301854797273,23838.817261442717,1
6.1859248920520455,4.090264381918475,436.23619825357247,1198.9436990081783,1
9.079715109457624,4.551724493755741,382.8961665208192,44831.86987314956,1
8.379512703256566,3.749818066435525,430.23892060778087,24409.096794771765,1
9.221955642445518,4.294251987225159,541.6014376849075,26502.59577382064,1
9.370696575357568,4.3807969416857615,424.91567671604486,15106.308646718096,1
7.487573363881187,1.8487974931046152,531.1809978519148,28837.33040127911,1
6.02834878509831,3.142083954421776,503.1121473588796,12145.544595700614,1
6.283318586962638,4.153989991461673,414.7844424787312,11601.642382347663,1
5.6664461454272965,3.836823301450685,511.9540006446537,24383.741538214686,1
6.985303737450439,3.0817990077044746,492.90302145928194,16470.952191630782,1
7.273368228315567,4.196421036326544,322.4906894477517,14206.357322954953,1
7.449659685994515,4.3704044218054285,572.8061429370911,32251.35964845829,1
7.618119571705241,3.769699537275837,459.07841982235686,44539.73832325805,1
6.698153869013519,3.758179651015044,430.935009346552,34675.86284541732,1
7.027296860302588,3.3926664230795134,398.7050167826136,31151.615179031895,1
8.610963031730751,4.614400405414759,342.2052523985335,32079.774815203946,1
7.423586011645774,3.36539749533764,429.8599985796419,34451.98421401317,1
5.4566808884538265,3.799472548553733,312.0198403081765,20967.84060967087,1
9.612898964310972,4.016409562458125,535.6987005197892,16598.5775109041,1
8.246919870565435,4.09661966700433,579.2476735847932,7747.577263386112,1
6.641174116155328,3.1547011218912004,421.4173518400164,10220.712358756396,1
6.646067269769524,3.0539831208747548,505.2959223501108,16863.4387250849,1
7.16447829539951,4.998203434951813,490.9331209497434,32751.928962729904,1
8.2850715273713,4.2746613334345,322.5218153789792,14402.726696074144,1
6.110022205951552,2.817780458184422,437.8921147266864,16663.53907369506,1
8.316663722070082,2.695799697002897,480.4723058790679,24814.48580511025,1
7.036752103833548,1.922376882636882,435.6030009092452,14875.956507959403,1
9.004680613392885,3.7750149839256855,531.5214444396339,28311.29184221085,1
6.886512603355119,3.5997564926270806,549.9970577707754,35018.32560002627,1
9.293621613337674,3.661882213528828,365.4392022941725,44831.86987314956,1
6.985192202008131,4.246201594896596,536.2771526649758,21944.64182966756,1
5.0941643608551495,4.710936484050327,476.624549693608,22957.65340254462,1
6.150034400886871,3.4444424918515057,449.35881226955786,8406.72324367801,1
6.189699260391608,3.027371480146623,649.8057645659717,15229.70286870656,1
7.497987814888167,5.738991024993494,476.3871494173559,30927.394282089237,1
6.965279871760655,3.969318295936528,490.8155214111627,24312.03779826068,1
5.412119544524241,5.680346586753336,347.80441586791386,2835.3031650451026,1
7.503085765108365,4.3055136249312,473.5316110532757,32000.178936298867,1
7.036752103833548,3.9931257417734862,407.910645101354,27030.7549992564,1
8.581042820709179,2.883145376777557,520.8083590715345,19970.434294477825,1
5.530055021165576,3.3274721394344917,427.6643022370827,38918.77807317498,1
8.743958544661181,4.118973080180648,326.2533257451776,40843.61655055208,1
9.05238368979066,4.259719451958118,372.2752322143662,22203.487258877,1
8.077260885586492,4.279871302319948,398.32878874006775,23931.28283313192,1
6.682097358751442,3.449829469695713,254.3923057502336,7705.298604759636,1
4.73132007599374,5.457892224487644,384.80673025189407,15517.39112222867,1
9.24141997355796,4.718850871201126,487.3391692888744,39566.75435226551,1
5.628313271623295,4.061644660822068,439.0547586603561,22856.74290130993,1
4.857802623979042,3.966570844524399,417.8040633715207,15668.27361760507,1
8.430471661964157,3.2539204326522717,282.59991842744216,35254.02604659549,1
6.817608380056349,3.0482920601678845,530.710025503962,27548.61417733812,1
5.913755319868532,4.023775901625008,380.9671658106569,12044.624691463148,1
7.036752103833548,2.674040012344625,551.8500902336942,28149.052685047413,1
5.500276575154884,5.147535911439108,435.8656960336934,19911.22489983855,1
5.608623152458352,3.7775082665636655,450.89605258556185,43680.22252088611,1
5.609235358941159,3.2246755179341866,330.09267420868963,14825.934501735352,1
7.036752103833548,4.119087300328971,505.24026927891407,28415.57583214058,1
5.859822103560279,3.4266340746155777,447.12186130961817,3640.73431981458,1
6.417716046874316,4.210327061428602,289.45011830901416,31974.48163131993,1
6.170526139416932,3.652207496311435,528.0960907188495,16206.219671450232,1
4.03406341143777,5.024742306559979,494.3209070841117,33219.0745454325,1
4.979468811483327,3.43902165089796,398.0289609378135,24167.84288181644,1
8.097453770731768,4.279082403805938,376.5698033733333,18112.28444651079,1
7.036752103833548,3.345543355479072,517.9259456786259,31081.73526431089,1
8.468741062907595,2.876995630567156,360.5755864381471,21038.442612673443,1
7.870853412371953,4.221613951476428,533.2912622243467,44831.86987314956,1
7.679595096300121,3.297525234337058,583.6083978130259,32000.8439113861,1
7.226592711428238,4.337116898531741,353.6540460556215,22097.41322267961,1
7.036752103833548,3.0659103715095384,384.5977112364185,10643.18677052104,1
8.659113026830287,2.89577427975715,318.64067926297173,23514.63664741336,1
7.036752103833548,3.855894987146472,418.27290097063786,28194.452646493937,1
6.360195819161054,2.713248378640136,423.6256485643737,13742.139486618224,1
10.258615434291345,4.669239858306086,416.1885459071077,32872.38056577991,1
6.603416523303387,4.270816603915842,456.31546041862254,19468.790095389904,1
5.713322920959069,4.571127866112447,300.1251254011642,11356.58048115559,1
4.767472454756443,3.893377807689793,590.4295504375845,44831.86987314956,1
9.609834364508853,4.308357589285532,394.7315635215286,22690.045870943104,1
9.186453377063309,3.4538614564722643,498.6353223340039,27055.69626088422,1
9.960689857533172,3.4345384628517905,388.8971587772877,15835.122817712849,1
6.10230679390867,4.280766477746642,380.305004711283,23406.859160145526,1
6.79265509816682,1.9177543925715308,361.1075365090635,9094.313300416155,1
5.91053973772753,4.007508147814352,462.6125299822538,25721.83386616531,1
6.125810325429851,4.9530576907486665,367.9679432358893,8810.895810076594,1
5.83610452509449,3.738990829291201,456.7328619773303,17711.487773748795,1
7.036752103833548,4.3316909034515,555.5485339351901,24711.41492737806,1
10.258615434291345,4.135568909483627,286.063394408431,28912.202201016768,1
8.628301074066663,5.1008578541361445,342.35569745032865,31548.00646369594,1
6.260111289935809,5.403614891830472,357.09839548714274,18577.623968980275,1
10.258615434291345,4.362542226660023,383.269410360684,29614.34879008105,1
7.371914155906743,4.338957325879694,544.8484318253602,42059.38041717759,1
4.825591458154621,3.46309715357363,370.1889480541362,11142.392632055147,1
4.86882713540531,3.2556001735668643,328.76452943351427,13400.385532064543,1
7.395450846886257,4.990235633377976,413.9102929594385,22561.508311398626,1
8.862112709633287,4.955081792660148,399.4628435734118,17433.60185279686,1
6.008973609999536,4.012340383352797,325.13449216679084,5100.094172699328,1
7.607223911235492,3.5250271306094576,503.1580785347783,39184.8467196431,1
6.683367696720804,5.208061134164884,307.7250090371044,18989.316768242767,1
6.638411449233408,5.164056620303689,401.1111433997851,9772.504814179669,1
9.271355446767778,4.333952897530932,487.69278784471584,16540.97904800414,1
7.036752103833548,3.699558048485045,428.21398699299374,9000.025591189238,1
3.889106956840228,4.754826393219847,442.07633661599806,24856.63320937223,1
8.378108022890373,4.524692969777054,499.86699387859846,28474.2025803626,1
6.923636014423605,4.0133388007039175,607.7735672742027,24792.525622664085,1
5.893103407526232,4.390701603798026,403.6175599619757,20526.66615556356,1
8.197353369384867,3.3618333238544555,444.612723622325,27701.79405469116,1
8.37291028476714,4.906358241363542,464.52555235732217,14622.745494434115,1
8.989900090557086,4.613842848013146,390.4102306332045,15921.412017954248,1
6.702546553103828,3.442983035168171,329.26600176073254,17246.920347484298,1
10.258615434291345,4.369264314437881,439.8936179168196,37188.826021934,1
6.069615757057698,3.669711703641994,415.8869545163145,26138.78019066394,1
4.668101687405915,4.4358209095098,526.4241709223593,44831.86987314956,1
7.808856017557415,2.7982428424180505,392.4495795653845,17329.802160103376,1
9.41951031641321,3.298875498646556,432.0447830453679,33155.578218312294,1
5.126762923351532,4.708658467526655,402.883113121781,11983.869376336364,1
7.874671357791283,2.309149056634923,327.4597604610721,17404.17706105066,1
